business_status,formatted_address,geometry,icon,icon_background_color,icon_mask_base_uri,name,opening_hours,photos,place_id,plus_code,rating,reference,types,user_ratings_total
OPERATIONAL,"Şenevler, Şanlıurfa Diyarbakır Yolu No:142, 63320 Karaköprü/Şanlıurfa, Türkiye","{'location': {'lat': 37.2194382, 'lng': 38.7969858}, 'viewport': {'northeast': {'lat': 37.22076952989272, 'lng': 38.79811872989272}, 'southwest': {'lat': 37.21806987010728, 'lng': 38.79541907010727}}}",https://maps.gstatic.com/mapfiles/place_api/icons/v1/png_71/hospital-71.png,#F88181,https://maps.gstatic.com/mapfiles/place_api/icons/v2/hospital-H_pinlet,LOTUS HOSPITAL,{'open_now': True},"[{'height': 1920, 'html_attributions': ['<a href=""https://maps.google.com/maps/contrib/109608953134305534723"">Her şeyden Bir tutam</a>'], 'photo_reference': 'AfLeUgNzmt8T_V2NAzMGK8xRPKTwjd41cEaCzl5Q8btsiZ0xLO01qkaSF7BOxkUVX9fXcGjzlYnfyuZDdRsbu5wsmduH5pLxByw1V-jPPXfsbXrKIUmgcIkrz3CzcbAKxmWC3GuVPQOv1hlL4YDt7BU6hhW5wwm87YvsnqUfvxJMrxhxvFVw', 'width': 1080}]",ChIJwbWxSpR6NBURgzE8-r9nkG0,"{'compound_code': '6Q9W+QQ Karaköprü, Şanlıurfa', 'global_code': '8G9W6Q9W+QQ'}",3.1,ChIJwbWxSpR6NBURgzE8-r9nkG0,"['hospital', 'health', 'point_of_interest', 'establishment']",198
OPERATIONAL,"Paşabağı, Şani Efendi Cd. No:169, 63300 Haliliye/Şanlıurfa, Türkiye","{'location': {'lat': 37.1550841, 'lng': 38.8045364}, 'viewport': {'northeast': {'lat': 37.15639517989273, 'lng': 38.80591142989272}, 'southwest': {'lat': 37.15369552010728, 'lng': 38.80321177010727}}}",https://maps.gstatic.com/mapfiles/place_api/icons/v1/png_71/hospital-71.png,#F88181,https://maps.gstatic.com/mapfiles/place_api/icons/v2/hospital-H_pinlet,Özel Nev Hospital,{'open_now': True},"[{'height': 3024, 'html_attributions': ['<a href=""https://maps.google.com/maps/contrib/104358442938559046804"">EKN ANONİM ŞİRKETİ</a>'], 'photo_reference': 'AfLeUgMUh1bwH9GZGrVUOHmgUHGQYlr3mg6j5nBMc__HgHO5-dSBsfl-LIszL_Rf2VMQOxe2e_I7qcFcQQ0nGoHHPCtpieK99LWBreglmpu2-NouwtfrnpF1LunIW-cKknAcVTSJxT67WD9YzyXMFvLAuyaM7NmDSY5JF2TcdUVplWjxuzVH', 'width': 4032}]",ChIJVbUnn39xNBURvnPkqHwTSPg,"{'compound_code': '5R43+2R Karaköprü, Şanlıurfa', 'global_code': '8G9W5R43+2R'}",4.5,ChIJVbUnn39xNBURvnPkqHwTSPg,"['hospital', 'health', 'point_of_interest', 'establishment']",71
OPERATIONAL,"Atatürk, Şht. Nusret Cd. No:9, 63100 Haliliye/Şanlıurfa, Türkiye","{'location': {'lat': 37.15985149999999, 'lng': 38.7906177}, 'viewport': {'northeast': {'lat': 37.16125127989272, 'lng': 38.79198152989272}, 'southwest': {'lat': 37.15855162010727, 'lng': 38.78928187010727}}}",https://maps.gstatic.com/mapfiles/place_api/icons/v1/png_71/hospital-71.png,#F88181,https://maps.gstatic.com/mapfiles/place_api/icons/v2/hospital-H_pinlet,PRIVATE MEYDAN HOSPITAL,{'open_now': True},"[{'height': 4160, 'html_attributions': ['<a href=""https://maps.google.com/maps/contrib/118009301509409942251"">Mehmet Hazar</a>'], 'photo_reference': 'AfLeUgOT2C89B2OWjPlmoHFAgvVATwKRChcxxfL1Qq6Hlyg084lKjs4N85qgBtYykeLn4kJejuSR4bczdWZtlJgMyWzB8yiHioyf_AupO0qqnZAomVd7-x13n_k8e3NvYwRsfmDqJbOGTFpAq7taBPY6frU7Mtzd4KKt2sWRV56wwG6oi2_P', 'width': 3120}]",ChIJFwyT5bpxNBUR1kG_B1TNwys,"{'compound_code': '5Q5R+W6 Karaköprü, Şanlıurfa', 'global_code': '8G9W5Q5R+W6'}",2.5,ChIJFwyT5bpxNBUR1kG_B1TNwys,"['hospital', 'health', 'point_of_interest', 'establishment']",185
OPERATIONAL,"Esentepe, Ertuğrul Cad 132 A, 63040 Şanlıurfa Merkez/Haliliye/Şanlıurfa, Türkiye","{'location': {'lat': 37.18382890000001, 'lng': 38.81229990000001}, 'viewport': {'northeast': {'lat': 37.18520192989273, 'lng': 38.81352322989272}, 'southwest': {'lat': 37.18250227010728, 'lng': 38.81082357010727}}}",https://maps.gstatic.com/mapfiles/place_api/icons/v1/png_71/hospital-71.png,#F88181,https://maps.gstatic.com/mapfiles/place_api/icons/v2/hospital-H_pinlet,Şanlıurfa Mehmet Akif İnan Eğitim ve Araştırma Hastanesi Haliliye Ek Binası,{'open_now': True},"[{'height': 3000, 'html_attributions': ['<a href=""https://maps.google.com/maps/contrib/118009301509409942251"">Mehmet Hazar</a>'], 'photo_reference': 'AfLeUgM3GOCwbZCeF3IQiYcKKKAfpv3wDyhjS3Lo-QBEPBGEwwTLeC15_soBhpQMrsUBX2lKCYAC-ooRBpKJntRWlM6wDgal_JFB4k7bg53hqXeO9iytCxrYButzJORaBw6duJz_S6Kvtid1RMBokDx5yAxchrRvQ6w0vQFJPR17inwRBLgq', 'width': 4000}]",ChIJfS_VpitwNBURuuVEPR2k3Gg,"{'compound_code': '5RM6+GW Karaköprü, Şanlıurfa', 'global_code': '8G9W5RM6+GW'}",3.4,ChIJfS_VpitwNBURuuVEPR2k3Gg,"['hospital', 'health', 'point_of_interest', 'establishment']",251
OPERATIONAL,"Akabe, SSK Cd. No:1, 63050 Eyyübiye/Şanlıurfa, Türkiye","{'location': {'lat': 37.1553258, 'lng': 38.7753853}, 'viewport': {'northeast': {'lat': 37.15664292989273, 'lng': 38.77729512989272}, 'southwest': {'lat': 37.15394327010728, 'lng': 38.77459547010728}}}",https://maps.gstatic.com/mapfiles/place_api/icons/v1/png_71/hospital-71.png,#F88181,https://maps.gstatic.com/mapfiles/place_api/icons/v2/hospital-H_pinlet,Balıklıgöl Devlet Hastanesi,{'open_now': True},"[{'height': 2322, 'html_attributions': ['<a href=""https://maps.google.com/maps/contrib/118142078445263091309"">mustafa kertel</a>'], 'photo_reference': 'AfLeUgOFxKcqsXlufKF827N6jCuWpGwTf_Pn9jbqiIQrrjqXsbJ2Zva3pV0qUExfnk1VIZl_dskqvNtepUMcXGpjWnSnx61A8cRMfjLG97U36cCOuh8-tOlOlmTVdN6YsTpUr2_rWhwHnPw_KRawGOT4juTR3mHi8ujVJP38yo5XefWWP772', 'width': 4128}]",ChIJTfURrHVxNBURLBa2-wGvaYo,"{'compound_code': '5Q4G+45 Karaköprü, Şanlıurfa', 'global_code': '8G9W5Q4G+45'}",3.5,ChIJTfURrHVxNBURLBa2-wGvaYo,"['hospital', 'health', 'point_of_interest', 'establishment']",189
OPERATIONAL,"Paşabağı, Şani Efendi Cd. No:167, 63040 Şanlıurfa Merkez/Şanlıurfa, Türkiye","{'location': {'lat': 37.154925, 'lng': 38.804051}, 'viewport': {'northeast': {'lat': 37.15617577989272, 'lng': 38.80545477989273}, 'southwest': {'lat': 37.15347612010728, 'lng': 38.80275512010728}}}",https://maps.gstatic.com/mapfiles/place_api/icons/v1/png_71/hospital-71.png,#F88181,https://maps.gstatic.com/mapfiles/place_api/icons/v2/hospital-H_pinlet,Urfa Medigap Hospital,,"[{'height': 420, 'html_attributions': ['<a href=""https://maps.google.com/maps/contrib/113995228344098021711"">Ali Almaz</a>'], 'photo_reference': 'AfLeUgM4CD_-cRUfcbxpks1lzM7M3oh786JZPCjQ9QMEyIrDARMz7TPm87rxgIAxwUm-qZDXKihSJv_HUHE3Q8F8nsQo_hGHVEev9A9p2wCEHUITfF94djC1I_E3ZP5ihRlcaRE5vdqx5XdnRoKK7bbbJz0N3vz_321k2_pDdI9Hpy55tOFc', 'width': 870}]",ChIJFy8fZsZxNBURWOm5kkwyJXY,"{'compound_code': '5R33+XJ Karaköprü, Şanlıurfa', 'global_code': '8G9W5R33+XJ'}",3.0,ChIJFy8fZsZxNBURWOm5kkwyJXY,"['hospital', 'health', 'point_of_interest', 'establishment']",5
OPERATIONAL,"İpekyol, 2329. Sk. 28 A, 63050 Şanlıurfa Merkez/Şanlıurfa, Türkiye","{'location': {'lat': 37.1682987, 'lng': 38.78930829999999}, 'viewport': {'northeast': {'lat': 37.16960662989273, 'lng': 38.79065402989272}, 'southwest': {'lat': 37.16690697010728, 'lng': 38.78795437010728}}}",https://maps.gstatic.com/mapfiles/place_api/icons/v1/png_71/hospital-71.png,#F88181,https://maps.gstatic.com/mapfiles/place_api/icons/v2/hospital-H_pinlet,Mediser Medikal,,,ChIJc0epd7JxNBURRLfdkbhY5WQ,"{'compound_code': '5Q9Q+8P Karaköprü, Şanlıurfa', 'global_code': '8G9W5Q9Q+8P'}",0.0,ChIJc0epd7JxNBURRLfdkbhY5WQ,"['hospital', 'health', 'point_of_interest', 'establishment']",0
OPERATIONAL,"Şenevler, Gap Blv. No:142, 63320 Karaköprü/Şanlıurfa, Türkiye","{'location': {'lat': 37.2194931, 'lng': 38.7969753}, 'viewport': {'northeast': {'lat': 37.22084352989273, 'lng': 38.79847332989272}, 'southwest': {'lat': 37.21814387010728, 'lng': 38.79577367010727}}}",https://maps.gstatic.com/mapfiles/place_api/icons/v1/png_71/hospital-71.png,#F88181,https://maps.gstatic.com/mapfiles/place_api/icons/v2/hospital-H_pinlet,Özel Urfa Lotus Hastanesi,,"[{'height': 4128, 'html_attributions': ['<a href=""https://maps.google.com/maps/contrib/104801209853682694866"">Kenan Duraz</a>'], 'photo_reference': 'AfLeUgP09NAH5EVN_iAEBT29NMhBjfkREqqTxBTIpDZ-URLwtJ7xDztPJAvd4UY3fwK6vUzAEIkvEGUiXsKgOf-B4hJ4l5nIDQEMng63MNUC-2rQBGZX90MgPSnpjwvTOVhuCPG2rv_lQyMIkBmEBWxJv3a9vW_K6i3YKErCCX1EycwRQcDu', 'width': 3096}]",ChIJoXeQ33NwNBURLDS483Tgk8I,"{'compound_code': '6Q9W+QQ Karaköprü, Şanlıurfa', 'global_code': '8G9W6Q9W+QQ'}",1.8,ChIJoXeQ33NwNBURLDS483Tgk8I,"['hospital', 'health', 'point_of_interest', 'establishment']",6
OPERATIONAL,"Yenice, 63250 Şanlıurfa Merkez/Şanlıurfa, Türkiye","{'location': {'lat': 37.1157048, 'lng': 38.8239323}, 'viewport': {'northeast': {'lat': 37.11683502989271, 'lng': 38.82545887989271}, 'southwest': {'lat': 37.11413537010727, 'lng': 38.82275922010727}}}",https://maps.gstatic.com/mapfiles/place_api/icons/v1/png_71/hospital-71.png,#F88181,https://maps.gstatic.com/mapfiles/place_api/icons/v2/hospital-H_pinlet,Şanlıurfa Eyyübiye çocuk Hastahanesi,{'open_now': True},"[{'height': 2669, 'html_attributions': ['<a href=""https://maps.google.com/maps/contrib/109477204718024432867"">Albay Can</a>'], 'photo_reference': 'AfLeUgP5EybeSK4jrmnDxWf6W5WnyK09Mii5uKF42v_N2vT0d7VrtvAPchKZxnV2gYqm_zxpqJh5UU4OJ4KwuhXTLgWh7NfnS4TcIjViymhHNZaql1G7DQt1iFACF5ww9LwOOdru4cy4YCbV0zvtupReKkS8lXrEfH7JhLThwVv_GSauEwWn', 'width': 4096}]",ChIJTXLtPPltNBURQmlmpXBz0BY,"{'compound_code': '4R8F+7H Karaköprü, Şanlıurfa', 'global_code': '8G9W4R8F+7H'}",3.3,ChIJTXLtPPltNBURQmlmpXBz0BY,"['hospital', 'health', 'point_of_interest', 'establishment']",6
OPERATIONAL,"Ertuğrul Gazi, A, Yunus Emre Cd. No:112, 63300 Şanlıurfa, Türkiye","{'location': {'lat': 37.1790542, 'lng': 38.8127336}, 'viewport': {'northeast': {'lat': 37.18038287989273, 'lng': 38.81399507989272}, 'southwest': {'lat': 37.17768322010728, 'lng': 38.81129542010728}}}",https://maps.gstatic.com/mapfiles/place_api/icons/v1/png_71/hospital-71.png,#F88181,https://maps.gstatic.com/mapfiles/place_api/icons/v2/hospital-H_pinlet,Incisin,,,ChIJ7YfVXyJwNBURXwMCVi7RNvs,"{'compound_code': '5RH7+J3 Karaköprü, Şanlıurfa', 'global_code': '8G9W5RH7+J3'}",0.0,ChIJ7YfVXyJwNBURXwMCVi7RNvs,"['hospital', 'health', 'point_of_interest', 'establishment']",0
OPERATIONAL,"Ertuğrul Gazi, Yeni Devlet Hst., 63300 Haliliye/Şanlıurfa, Türkiye","{'location': {'lat': 37.1833228, 'lng': 38.8133714}, 'viewport': {'northeast': {'lat': 37.18467277989272, 'lng': 38.81472022989272}, 'southwest': {'lat': 37.18197312010728, 'lng': 38.81202057010728}}}",https://maps.gstatic.com/mapfiles/place_api/icons/v1/png_71/hospital-71.png,#F88181,https://maps.gstatic.com/mapfiles/place_api/icons/v2/hospital-H_pinlet,Sanliurfa M.Akif İnan Egitim Arastirma Hastanesi,,,ChIJlcHwERlwNBUR89fqO0UQ67A,"{'compound_code': '5RM7+88 Karaköprü, Şanlıurfa', 'global_code': '8G9W5RM7+88'}",5.0,ChIJlcHwERlwNBUR89fqO0UQ67A,"['hospital', 'health', 'point_of_interest', 'establishment']",2
OPERATIONAL,"Yenice Mah., Yenice Yolu No:1, 63250 Eyyübiye/Şanlıurfa, Türkiye","{'location': {'lat': 37.11558369999999, 'lng': 38.8235959}, 'viewport': {'northeast': {'lat': 37.11642332989273, 'lng': 38.82764045}, 'southwest': {'lat': 37.11372367010728, 'lng': 38.81742305}}}",https://maps.gstatic.com/mapfiles/place_api/icons/v1/png_71/hospital-71.png,#F88181,https://maps.gstatic.com/mapfiles/place_api/icons/v2/hospital-H_pinlet,Şanlıurfa Eyyübiye Eğitim ve Araştırma Hastanesi,{'open_now': True},"[{'height': 578, 'html_attributions': ['<a href=""https://maps.google.com/maps/contrib/109717611947507707018"">mehmet SARICA</a>'], 'photo_reference': 'AfLeUgO0DBddUzW32R1kqI2loIAqiZf0NdbmrAvsfHWZ-olrdjmRmjC-kg-0dWzr3UqIxJxpZCCWTapNDQoWN5xfL0QFBj6aFe0h0MHwE7FeMAfx1RAsJ0PljnfV2QQ8MfgN5UfH1ApmNc5HLLn6njmwMEGAyfYjBgwBUfBuNnJf5TSGk_sC', 'width': 1078}]",ChIJr1oHFPltNBURXqSb5NFV2_o,"{'compound_code': '4R8F+6C Karaköprü, Şanlıurfa', 'global_code': '8G9W4R8F+6C'}",2.9,ChIJr1oHFPltNBURXqSb5NFV2_o,"['hospital', 'health', 'point_of_interest', 'establishment']",287
OPERATIONAL,"Cengiz Topel, İpekyol Blv. Yanyolu 57 B, 63100 Şanlıurfa Merkez/Şanlıurfa, Türkiye","{'location': {'lat': 37.1650896, 'lng': 38.7886819}, 'viewport': {'northeast': {'lat': 37.16651787989272, 'lng': 38.78999442989272}, 'southwest': {'lat': 37.16381822010727, 'lng': 38.78729477010727}}}",https://maps.gstatic.com/mapfiles/place_api/icons/v1/png_71/hospital-71.png,#F88181,https://maps.gstatic.com/mapfiles/place_api/icons/v2/hospital-H_pinlet,Akıncı İhtisas Çocuk Sağlık Merkez,,,ChIJk5HpL65xNBURKe_rdWRpYks,"{'compound_code': '5Q8Q+2F Karaköprü, Şanlıurfa', 'global_code': '8G9W5Q8Q+2F'}",5.0,ChIJk5HpL65xNBURKe_rdWRpYks,"['hospital', 'health', 'point_of_interest', 'establishment']",1
OPERATIONAL,"Ertuğrul Gazi, Yunus Emre Cd. No:76, 63300 Haliliye/Şanlıurfa, Türkiye","{'location': {'lat': 37.1737083, 'lng': 38.813763}, 'viewport': {'northeast': {'lat': 37.17510222989272, 'lng': 38.81492802989272}, 'southwest': {'lat': 37.17240257010728, 'lng': 38.81222837010728}}}",https://maps.gstatic.com/mapfiles/place_api/icons/v1/png_71/hospital-71.png,#F88181,https://maps.gstatic.com/mapfiles/place_api/icons/v2/hospital-H_pinlet,PRIVATE HOSPITAL Sanmed,{'open_now': False},"[{'height': 1181, 'html_attributions': ['<a href=""https://maps.google.com/maps/contrib/118374239741492097900"">A Google User</a>'], 'photo_reference': 'AfLeUgM18G199JGR53GGtVxBw6XVs7JZEsU3tbVsDxKA8jYNMYEFyNPkQhvNXTHQqamuHrIbo2H4rz04Sjrze2te_Ds_AsB4Ivdu8BYEFKH5rRZ3tt2L8amJg0fdhfdWPFEXyN0tnrHDb67MzWRFv-HPM00BW8aQOHKwQ6zcgwwd0A-JLwf1', 'width': 1080}]",ChIJd698TSRwNBURleQ3w33EWZs,"{'compound_code': '5RF7+FG Karaköprü, Şanlıurfa', 'global_code': '8G9W5RF7+FG'}",2.8,ChIJd698TSRwNBURleQ3w33EWZs,"['hospital', 'health', 'point_of_interest', 'establishment']",264
OPERATIONAL,"Şenevler, 6129. Sk. 2-C, 63320 Karaköprü/Şanlıurfa, Türkiye","{'location': {'lat': 37.2162814, 'lng': 38.7983909}, 'viewport': {'northeast': {'lat': 37.21766482989273, 'lng': 38.79973422989272}, 'southwest': {'lat': 37.21496517010728, 'lng': 38.79703457010728}}}",https://maps.gstatic.com/mapfiles/place_api/icons/v1/png_71/hospital-71.png,#F88181,https://maps.gstatic.com/mapfiles/place_api/icons/v2/hospital-H_pinlet,METROLIF HOSPITAL,{'open_now': True},"[{'height': 3456, 'html_attributions': ['<a href=""https://maps.google.com/maps/contrib/118240490220860501696"">METROLIFE HASTANESİ</a>'], 'photo_reference': 'AfLeUgNRJLh6GRFTaFdg2r94-GfSDQ9s5uIdzJcOXFiyNA2599vSMa-Ge8SDfTQF8Ds7jUEreNEKMvuJd0kpk8GRsG1a-AN3uZovgjDuWN3M7yeBrYHBoabq-EzUKYb39U2dE4sGXPnzrzzN9nnp_aPKYAzhE9qkBT7I-g7xHrGDJVatwivl', 'width': 5184}]",ChIJ1QAXOJZ6NBURTHnOh6_hE_U,"{'compound_code': '6Q8X+G9 Karaköprü, Şanlıurfa', 'global_code': '8G9W6Q8X+G9'}",3.1,ChIJ1QAXOJZ6NBURTHnOh6_hE_U,"['hospital', 'health', 'point_of_interest', 'establishment']",355
OPERATIONAL,"İmam Bakır, Recep Tayyip Erdoğan Blv. No:132, 63040 Merkez/Şanlıurfa, Türkiye","{'location': {'lat': 37.1625994, 'lng': 38.8170907}, 'viewport': {'northeast': {'lat': 37.16430757989271, 'lng': 38.81846517989271}, 'southwest': {'lat': 37.16160792010727, 'lng': 38.81576552010727}}}",https://maps.gstatic.com/mapfiles/place_api/icons/v1/png_71/hospital-71.png,#F88181,https://maps.gstatic.com/mapfiles/place_api/icons/v2/hospital-H_pinlet,Mehmet Akif inan eğitim araştırma hastanesi HALİLİYE EK BİNASI ( OSM HASTANESİ),,"[{'height': 1920, 'html_attributions': ['<a href=""https://maps.google.com/maps/contrib/104611214794642409320"">leyal alanzee</a>'], 'photo_reference': 'AfLeUgNqLZM5IKlUAh9ydqxcWBlB7iSKVCAZz0ffCpzD2e84sDTaQhHEYEP572dCJ-er-xw57vpaLxfMHCjP-SHNqW-Z7RN7QEF93gOPeqhOIb4o7OEUcZbizX16AFhX4cGvOhzgR5XpSnlWaQnBH7BVOrh2z87pq6ADonEA8hIaDSt13U_Z', 'width': 1080}]",ChIJbXK0OhBxNBURxb9pjQesSvk,"{'compound_code': '5R78+2R Karaköprü, Şanlıurfa', 'global_code': '8G9W5R78+2R'}",2.5,ChIJbXK0OhBxNBURxb9pjQesSvk,"['hospital', 'health', 'point_of_interest', 'establishment']",4
OPERATIONAL,"Beykapusu Mh., 63200 Şanlıurfa Merkez/Eyyübiye/Şanlıurfa, Türkiye","{'location': {'lat': 37.151928, 'lng': 38.790783}, 'viewport': {'northeast': {'lat': 37.15327557989272, 'lng': 38.79208217989273}, 'southwest': {'lat': 37.15057592010728, 'lng': 38.78938252010729}}}",https://maps.gstatic.com/mapfiles/place_api/icons/v1/png_71/hospital-71.png,#F88181,https://maps.gstatic.com/mapfiles/place_api/icons/v2/hospital-H_pinlet,Ozel Guven Tip Merkezi,,,ChIJge1h25dxNBURQvZqG8H5AUI,"{'compound_code': '5Q2R+Q8 Karaköprü, Şanlıurfa', 'global_code': '8G9W5Q2R+Q8'}",5.0,ChIJge1h25dxNBURQvZqG8H5AUI,"['hospital', 'health', 'point_of_interest', 'establishment']",2
OPERATIONAL,"Paşabağı, 749. Sk. 8 A, 63040 Şanlıurfa Merkez/Şanlıurfa, Türkiye","{'location': {'lat': 37.1645387, 'lng': 38.8071908}, 'viewport': {'northeast': {'lat': 37.16593962989272, 'lng': 38.80855732989272}, 'southwest': {'lat': 37.16323997010728, 'lng': 38.80585767010728}}}",https://maps.gstatic.com/mapfiles/place_api/icons/v1/png_71/hospital-71.png,#F88181,https://maps.gstatic.com/mapfiles/place_api/icons/v2/hospital-H_pinlet,Sedef Sağlık,,"[{'height': 499, 'html_attributions': ['<a href=""https://maps.google.com/maps/contrib/113238762451001565543"">A Google User</a>'], 'photo_reference': 'AfLeUgO2_Lt5ABywpX2FhKvkjsNMmxgbZMeLZ-8eF_3VQ2AvPlbXDUvuRMq_rz2AwU5YsV6-fR_BwYvuInDAS_ndcQKApd0L9Gw1NjZWz0ZMdjgXQ19Zq53Zf-k-M8zZLPPRjrHDZoVxgMwltt1DnSBdEmyQRZCcZRdZee1yBBsyQX_7DblA', 'width': 750}]",ChIJpaGTKzNwNBURtvYqcvokScs,"{'compound_code': '5R74+RV Karaköprü, Şanlıurfa', 'global_code': '8G9W5R74+RV'}",5.0,ChIJpaGTKzNwNBURtvYqcvokScs,"['hospital', 'health', 'point_of_interest', 'establishment']",4
OPERATIONAL,"Cengiz Topel, 63100 Haliliye/Şanlıurfa, Türkiye","{'location': {'lat': 37.1646161, 'lng': 38.78694}, 'viewport': {'northeast': {'lat': 37.16600602989271, 'lng': 38.78826817989273}, 'southwest': {'lat': 37.16330637010727, 'lng': 38.78556852010728}}}",https://maps.gstatic.com/mapfiles/place_api/icons/v1/png_71/hospital-71.png,#F88181,https://maps.gstatic.com/mapfiles/place_api/icons/v2/hospital-H_pinlet,İbni-sina Tıp Merkez,,,ChIJ-ZdIpK9xNBURG65HFKduNLo,"{'compound_code': '5Q7P+RQ Karaköprü, Şanlıurfa', 'global_code': '8G9W5Q7P+RQ'}",5.0,ChIJ-ZdIpK9xNBURG65HFKduNLo,"['hospital', 'health', 'point_of_interest', 'establishment']",3
OPERATIONAL,"Atatürk, Metoroloji Cd. 47 A, 63100 Şanlıurfa Merkez/Şanlıurfa, Türkiye","{'location': {'lat': 37.158265, 'lng': 38.787158}, 'viewport': {'northeast': {'lat': 37.15960337989272, 'lng': 38.78845687989272}, 'southwest': {'lat': 37.15690372010728, 'lng': 38.78575722010728}}}",https://maps.gstatic.com/mapfiles/place_api/icons/v1/png_71/hospital-71.png,#F88181,https://maps.gstatic.com/mapfiles/place_api/icons/v2/hospital-H_pinlet,Kenan Medikal,,,ChIJNVD7fKNxNBURiOboBEq992U,"{'compound_code': '5Q5P+8V Karaköprü, Şanlıurfa', 'global_code': '8G9W5Q5P+8V'}",0.0,ChIJNVD7fKNxNBURiOboBEq992U,"['hospital', 'health', 'point_of_interest', 'establishment']",0
