business_status,formatted_address,geometry,icon,icon_background_color,icon_mask_base_uri,name,opening_hours,photos,place_id,plus_code,rating,reference,types,user_ratings_total
OPERATIONAL,"Yeni, Gazi Mustafa Kemal Blv. No:669, 33330 Mezitli/Mersin, Türkiye","{'location': {'lat': 36.7528845, 'lng': 34.5363904}, 'viewport': {'northeast': {'lat': 36.75434367989272, 'lng': 34.53762592989272}, 'southwest': {'lat': 36.75164402010728, 'lng': 34.53492627010728}}}",https://maps.gstatic.com/mapfiles/place_api/icons/v1/png_71/hospital-71.png,#F88181,https://maps.gstatic.com/mapfiles/place_api/icons/v2/hospital-H_pinlet,City Hospital,{'open_now': True},"[{'height': 4016, 'html_attributions': ['<a href=""https://maps.google.com/maps/contrib/102545680139033139331"">City Hospital</a>'], 'photo_reference': 'AfLeUgNoFJILgM9Y3g9kYTUNP8vX5P0aYjiOZcRgM-G1F_Yr72zpSGkV9wJCD2NM7WGPytd1rIcWTkNZs49a3eznRB3AxJuEz43BpBTKv-a2hXV3zR7YJUE5-biWWHqX8fi0Dss-r7rkhO7ekNdrFd4nNuhP5oWQfxhhZWvk3V9mDHo3h-MV', 'width': 3924}]",ChIJn6jJMl-KJxURGFVv3KzqJ8A,"{'compound_code': 'QG3P+5H Mezitli, Mersin', 'global_code': '8G8PQG3P+5H'}",2.7,ChIJn6jJMl-KJxURGFVv3KzqJ8A,"['hospital', 'point_of_interest', 'health', 'establishment']",318
OPERATIONAL,"Turgutreis, İstiklal Cd. No:196, 33010 Akdeniz/Mersin, Türkiye","{'location': {'lat': 36.7943552, 'lng': 34.6157769}, 'viewport': {'northeast': {'lat': 36.79568212989272, 'lng': 34.61731917989272}, 'southwest': {'lat': 36.79298247010727, 'lng': 34.61461952010728}}}",https://maps.gstatic.com/mapfiles/place_api/icons/v1/png_71/hospital-71.png,#F88181,https://maps.gstatic.com/mapfiles/place_api/icons/v2/hospital-H_pinlet,Special IMC Hospital,{'open_now': True},"[{'height': 1200, 'html_attributions': ['<a href=""https://maps.google.com/maps/contrib/102417048578626328104"">A Google User</a>'], 'photo_reference': 'AfLeUgMLvj2RpBZja8K-wa-XpJ8cCgFjQ6PzeoTHPwVYLHttg1Qeod0vkBaTo_nRpKl27T22EVne6lvLVm3TbhjdlyYNonIxwnVMilxCp5Io_UQNfOyFJR1riWP7uuIQj-4hPd7ZzixHW146SjK65jscdtP8kbHY1ngS3Jiw9A08xVYBcNo', 'width': 900}]",ChIJT79jhW3zJxUR-b2dHv178bw,"{'compound_code': 'QJV8+P8 Akdeniz, Mersin', 'global_code': '8G8PQJV8+P8'}",3.4,ChIJT79jhW3zJxUR-b2dHv178bw,"['hospital', 'point_of_interest', 'health', 'establishment']",148
OPERATIONAL,"Atatürk, Gazi Mustafa Kemal Blv. No: 676, 33200 Mezitli/Mersin, Türkiye","{'location': {'lat': 36.7591429, 'lng': 34.5445585}, 'viewport': {'northeast': {'lat': 36.76043942989272, 'lng': 34.54595827989272}, 'southwest': {'lat': 36.75773977010728, 'lng': 34.54325862010727}}}",https://maps.gstatic.com/mapfiles/place_api/icons/v1/png_71/hospital-71.png,#F88181,https://maps.gstatic.com/mapfiles/place_api/icons/v2/hospital-H_pinlet,VM Medical Park Mersin Hastanesi,{'open_now': True},"[{'height': 2657, 'html_attributions': ['<a href=""https://maps.google.com/maps/contrib/112685794335448321365"">Oben Kirdok</a>'], 'photo_reference': 'AfLeUgPiEAeDxGrD8mYo2e7MCm0tul2hDQkgvhcA0fEb1ShVWfa8ofG9YtrTb6sbgc8l5FGyXEQCeHChnbcghiM-sQ-oxlW_p-aDYSIc4Pmq2-ixCcCnfq_cxJKHZwkIYCESP7VIGd3d_1fay20JAzCKky-eMApk-oe-eQjCqgodVRhH5CI', 'width': 4724}]",ChIJcztpAPuKJxUR5tdfgr_k7GU,"{'compound_code': 'QG5V+MR Mezitli, Mersin', 'global_code': '8G8PQG5V+MR'}",4.1,ChIJcztpAPuKJxUR5tdfgr_k7GU,"['hospital', 'point_of_interest', 'health', 'establishment']",1483
OPERATIONAL,"Çiftlikköy, 32133. Sk., 33110 Yenişehir/Mersin, Türkiye","{'location': {'lat': 36.7852697, 'lng': 34.5385743}, 'viewport': {'northeast': {'lat': 36.78660697989272, 'lng': 34.54000517989272}, 'southwest': {'lat': 36.78390732010728, 'lng': 34.53730552010727}}}",https://maps.gstatic.com/mapfiles/place_api/icons/v1/png_71/hospital-71.png,#F88181,https://maps.gstatic.com/mapfiles/place_api/icons/v2/hospital-H_pinlet,University Hospital,,"[{'height': 3024, 'html_attributions': ['<a href=""https://maps.google.com/maps/contrib/104041809740480897143"">Onur GÜNGÖR</a>'], 'photo_reference': 'AfLeUgNHA2HvZsyS4vDpAZIQ7Etn3JV7fTcNzX4bJAOPI6WY5BELTF7vW4Na23aeQSnFoSkLDY6SsbVqKUmOqOh8l0m1MpX8oJRpKTVI5tqCvIAELAe0wOSbzL7r73esnyLhVcOFCgcwrRsPRPAL9y22P1HSa-XRosid_KwMr1zxBU_DV15z', 'width': 4032}]",ChIJ64O6Js-KJxUR4oAUdt3YDAs,"{'compound_code': 'QGPQ+4C Yenişehir, Mersin', 'global_code': '8G8PQGPQ+4C'}",3.6,ChIJ64O6Js-KJxUR4oAUdt3YDAs,"['hospital', 'point_of_interest', 'health', 'establishment']",25
OPERATIONAL,"Korukent Mah. 96015 Sok. Mersin Entegre Sağlık Kampüsü, 33240 Toroslar/Mersin, Türkiye","{'location': {'lat': 36.8563591, 'lng': 34.6093885}, 'viewport': {'northeast': {'lat': 36.85767442989272, 'lng': 34.61114732989272}, 'southwest': {'lat': 36.85497477010728, 'lng': 34.60844767010728}}}",https://maps.gstatic.com/mapfiles/place_api/icons/v1/png_71/hospital-71.png,#F88181,https://maps.gstatic.com/mapfiles/place_api/icons/v2/hospital-H_pinlet,Mersin Şehir Hastanesi,{'open_now': True},"[{'height': 2988, 'html_attributions': ['<a href=""https://maps.google.com/maps/contrib/108486169008184558403"">RaGaB محمد</a>'], 'photo_reference': 'AfLeUgOlvur7wBs1PxZAzD12VV5GmwXCSR1pBgc4EVwgWe7uMY6sk9KG-CJlJfYkfIR7m5LAhyXkBEfbfT7g7nKxJT33_Lp9Njw6Fmj3tVaKdzh8ulA5HD9Hi8kH40vAa3GSLAa9wmqZoEZzuyQdynVtvNdrVmvyCM6ihmi6Ndf0O3YtYGgA', 'width': 5312}]",ChIJu1yZZ0XxJxURkt6PIBu538M,"{'compound_code': 'VJ45+GQ Toroslar, Mersin', 'global_code': '8G8PVJ45+GQ'}",3.8,ChIJu1yZZ0XxJxURkt6PIBu538M,"['hospital', 'doctor', 'point_of_interest', 'health', 'establishment']",782
OPERATIONAL,"Güvenevler, 20. Cad. No:48, 33140 Yenişehir/Mersin, Türkiye","{'location': {'lat': 36.789662, 'lng': 34.587686}, 'viewport': {'northeast': {'lat': 36.79098417989272, 'lng': 34.58890372989272}, 'southwest': {'lat': 36.78828452010728, 'lng': 34.58620407010728}}}",https://maps.gstatic.com/mapfiles/place_api/icons/v1/png_71/hospital-71.png,#F88181,https://maps.gstatic.com/mapfiles/place_api/icons/v2/hospital-H_pinlet,Forum Yaşam Mersin,{'open_now': False},"[{'height': 1701, 'html_attributions': ['<a href=""https://maps.google.com/maps/contrib/118372314201130031458"">A Google User</a>'], 'photo_reference': 'AfLeUgN0itotiHDKN3vr62upm3D_2k4SFqO1ymbkAsSNgaBQCYHvFrcolFJT4wR8ok5veJMJVmrYCG7FBKRGo9CivfZpqNQUZQIb7Hn8gm0LupFQ-cC8nD8DgUmeDSxeza58YPj5IDhHt1x9jxGdg2kWRYfZuR85v7kDSyOzT3guqnuXQ1J9', 'width': 1512}]",ChIJu-ZDeb70JxURz3l1zeRaK2M,"{'compound_code': 'QHQQ+V3 Yenişehir, Mersin', 'global_code': '8G8PQHQQ+V3'}",3.0,ChIJu-ZDeb70JxURz3l1zeRaK2M,"['hospital', 'point_of_interest', 'health', 'establishment']",276
OPERATIONAL,"Güvenevler Mah. 20.Cad No:4 Forum Karşısı, 33140 Yenişehir, Türkiye","{'location': {'lat': 36.7830318, 'lng': 34.5919677}, 'viewport': {'northeast': {'lat': 36.78434577989272, 'lng': 34.59327502989272}, 'southwest': {'lat': 36.78164612010728, 'lng': 34.59057537010728}}}",https://maps.gstatic.com/mapfiles/place_api/icons/v1/png_71/hospital-71.png,#F88181,https://maps.gstatic.com/mapfiles/place_api/icons/v2/hospital-H_pinlet,Özel Mersin Yenişehir Hastanesi,{'open_now': True},"[{'height': 4032, 'html_attributions': ['<a href=""https://maps.google.com/maps/contrib/105751389593332815375"">Cem Vargun</a>'], 'photo_reference': 'AfLeUgMgKBlhcwm0TPOLktdCwM2VYg2K10pY2inGCCYN08FqBYmzu9fPNMXNvZpUMB3SOxo0ik3uR8F7mfMmh8BdSMluft01QrKFiXKJlPOMig0pzTOkwktnPJRGVd8U1MlzSNRfwf2wJ65i0_T53EJgdhFbH3Poze2MbIit_b0cP9DG83bq', 'width': 3024}]",ChIJHXuEsaj0JxURPL9zRLKHMgc,"{'compound_code': 'QHMR+6Q Yenişehir, Mersin', 'global_code': '8G8PQHMR+6Q'}",3.5,ChIJHXuEsaj0JxURPL9zRLKHMgc,"['hospital', 'point_of_interest', 'health', 'establishment']",373
OPERATIONAL,"İhsaniye, Sait Çiftçi Cd. No:30, 33070 Akdeniz/Mersin, Türkiye","{'location': {'lat': 36.8079153, 'lng': 34.6182573}, 'viewport': {'northeast': {'lat': 36.80934297989272, 'lng': 34.61965622989273}, 'southwest': {'lat': 36.80664332010727, 'lng': 34.61695657010728}}}",https://maps.gstatic.com/mapfiles/place_api/icons/v1/png_71/hospital-71.png,#F88181,https://maps.gstatic.com/mapfiles/place_api/icons/v2/hospital-H_pinlet,Özel Mersin Su Hastanesi,{'open_now': True},"[{'height': 3016, 'html_attributions': ['<a href=""https://maps.google.com/maps/contrib/113715769039033154246"">A Google User</a>'], 'photo_reference': 'AfLeUgNlCDHenFAJ7aWKWnYh_22a_XJ8VVp_B2T-kTdoQLbKbtf1xH3M979XZrc9CUNKNbp2JF3vgn5PoVU8bzpGIoSzbyPs-Km8-nj9KUsE8f2KrpskmmLXAZklma8BBc_T0oz_pFkPWFQqv6JnxxWwy82EqBvBOO7LNdhHZW7ZozI_a8I', 'width': 5184}]",ChIJ1ddRUp_zJxURn-Ssp-_lBJc,"{'compound_code': 'RJ59+58 Akdeniz, Mersin', 'global_code': '8G8PRJ59+58'}",3.5,ChIJ1ddRUp_zJxURn-Ssp-_lBJc,"['hospital', 'point_of_interest', 'health', 'establishment']",316
OPERATIONAL,"Mesudiye Mahallesi, 33110 Akdeniz/Mersin, Türkiye","{'location': {'lat': 36.785107, 'lng': 34.537444}, 'viewport': {'northeast': {'lat': 36.78641197989272, 'lng': 34.53884917989272}, 'southwest': {'lat': 36.78371232010728, 'lng': 34.53614952010727}}}",https://maps.gstatic.com/mapfiles/place_api/icons/v1/png_71/hospital-71.png,#F88181,https://maps.gstatic.com/mapfiles/place_api/icons/v2/hospital-H_pinlet,قسم الطوارئ في مشفى الجامعة مرسين,,"[{'height': 3024, 'html_attributions': ['<a href=""https://maps.google.com/maps/contrib/104041809740480897143"">Onur GÜNGÖR</a>'], 'photo_reference': 'AfLeUgMOriEtOk8n-VtvuL3slwAJCrGWTmxy3hipMIzitPuCRkWINPINEZW3ivD_9F13UoQgJygtlbZqyK7VrqaaSUDaKn5Lg9xDeo9wzQl7FjCvd9wA0tPKT5tjWTEsIyjvPmXdYr-5IN_Cb2xs3yJzDMcAugemKhByr1vXndvprggZsWJH', 'width': 4032}]",ChIJW3tgIM-KJxURBXWz1C1XYt0,"{'compound_code': 'QGPP+2X Yenişehir, Mersin', 'global_code': '8G8PQGPP+2X'}",4.5,ChIJW3tgIM-KJxURBXWz1C1XYt0,"['hospital', 'point_of_interest', 'health', 'establishment']",6
OPERATIONAL,"Kültür, Atatürk Cd. No:66, 33010 Akdeniz/Mersin, Türkiye","{'location': {'lat': 36.7906955, 'lng': 34.6221404}, 'viewport': {'northeast': {'lat': 36.79195847989273, 'lng': 34.62362212989272}, 'southwest': {'lat': 36.78925882010729, 'lng': 34.62092247010727}}}",https://maps.gstatic.com/mapfiles/place_api/icons/v1/png_71/hospital-71.png,#F88181,https://maps.gstatic.com/mapfiles/place_api/icons/v2/hospital-H_pinlet,Mersin System Surgery Center,{'open_now': True},"[{'height': 4624, 'html_attributions': ['<a href=""https://maps.google.com/maps/contrib/117863992850876911970"">A Google User</a>'], 'photo_reference': 'AfLeUgNxA4HbBIRYYVLOz7bQAMwUkUMOQ8IbeJPEvVXNljFeFLRuOB82smDglbOfduW3ep_yzBBq_J9-JcPG-eoHiL5LIxCEP7f3o6ZVR55emVWKH5gcvcr_uZkpIUsGGJbyUA481uC3YQEXmJ7QPswUuWMyvHFc25n_zE-8pAXTGiCVOq_H', 'width': 3468}]",ChIJrZrqVRLzJxURntOcY3IF0KY,"{'compound_code': 'QJRC+7V Akdeniz, Mersin', 'global_code': '8G8PQJRC+7V'}",3.2,ChIJrZrqVRLzJxURntOcY3IF0KY,"['hospital', 'point_of_interest', 'health', 'establishment']",111
OPERATIONAL,"Korukent, 96015 Sk., 33240 Toroslar/Mersin, Türkiye","{'location': {'lat': 36.8563346, 'lng': 34.6090519}, 'viewport': {'northeast': {'lat': 36.85787412989272, 'lng': 34.60991052989272}, 'southwest': {'lat': 36.85517447010728, 'lng': 34.60721087010728}}}",https://maps.gstatic.com/mapfiles/place_api/icons/v1/png_71/hospital-71.png,#F88181,https://maps.gstatic.com/mapfiles/place_api/icons/v2/hospital-H_pinlet,MESK Mersin entegre sağlık kapüsü,,"[{'height': 3984, 'html_attributions': ['<a href=""https://maps.google.com/maps/contrib/107797840162724448019"">A Google User</a>'], 'photo_reference': 'AfLeUgP8EK859J0yVsowvSNHW9U6qq85OLKsk7bz5NnNGWS4jdOy44NBGYM2twhN7Z7nDMM7ZwYZQofn6CO79TodOgZM23zIRQJZ3kMugkav_BEUm3mcOARsLuCbs0yFSBvGWVi1TWAzls5WmRDFtxld5q4Pq9dpy6-kCXHI3DozquQpI0ap', 'width': 2988}]",ChIJzRMFQVDxJxUREbV5Lmf8mqk,"{'compound_code': 'VJ45+GJ Toroslar, Mersin', 'global_code': '8G8PVJ45+GJ'}",4.2,ChIJzRMFQVDxJxUREbV5Lmf8mqk,"['hospital', 'point_of_interest', 'health', 'establishment']",25
OPERATIONAL,"Şevketsümer, 5928. Sk. No:2, 33020 Akdeniz/Mersin, Türkiye","{'location': {'lat': 36.8246427, 'lng': 34.6505775}, 'viewport': {'northeast': {'lat': 36.82599017989272, 'lng': 34.65191607989271}, 'southwest': {'lat': 36.82329052010728, 'lng': 34.64921642010727}}}",https://maps.gstatic.com/mapfiles/place_api/icons/v1/png_71/hospital-71.png,#F88181,https://maps.gstatic.com/mapfiles/place_api/icons/v2/hospital-H_pinlet,Şevketsümer Göçmen Sağlık Merkezi,{'open_now': False},"[{'height': 1600, 'html_attributions': ['<a href=""https://maps.google.com/maps/contrib/106989137406246634081"">MEHMET MACİT KİLZİ</a>'], 'photo_reference': 'AfLeUgPjQ6-ng0LumOzIWmfZfy8dDC72eyS4G5WEk1N5VwyKvetr13j7cpqqlI6_450PLM31NNgJdPvUsuxTqAk7ewxVTUq0fdYZsgz5iUNzDe_OWGdTFB63A8xma1t_KW3kWbbWrecV6xGtDjSWr57fPeEONKQ9S7IaLg4Aj1Wdz9RodalU', 'width': 900}]",ChIJ37LvP3zzJxUReCoUpTFt3lM,"{'compound_code': 'RMF2+V6 Akdeniz, Mersin', 'global_code': '8G8PRMF2+V6'}",5.0,ChIJ37LvP3zzJxUReCoUpTFt3lM,"['hospital', 'point_of_interest', 'health', 'establishment']",2
OPERATIONAL,"Atatürk, 33170 Mezitli/Mersin, Türkiye","{'location': {'lat': 36.763541, 'lng': 34.548125}, 'viewport': {'northeast': {'lat': 36.76489042989271, 'lng': 34.54947417989272}, 'southwest': {'lat': 36.76219077010727, 'lng': 34.54677452010728}}}",https://maps.gstatic.com/mapfiles/place_api/icons/v1/png_71/hospital-71.png,#F88181,https://maps.gstatic.com/mapfiles/place_api/icons/v2/hospital-H_pinlet,Özel Toros Hastanesi,,,ChIJH5ookuOKJxURYJ-2oj9cT4w,"{'compound_code': 'QG7X+C6 Mezitli, Mersin', 'global_code': '8G8PQG7X+C6'}",3.0,ChIJH5ookuOKJxURYJ-2oj9cT4w,"['hospital', 'point_of_interest', 'health', 'establishment']",3
OPERATIONAL,"Nusratiye, 5017. Sk. No:4, 33050 Akdeniz/Mersin, Türkiye","{'location': {'lat': 36.8104736, 'lng': 34.627133}, 'viewport': {'northeast': {'lat': 36.81179847989272, 'lng': 34.62848432989271}, 'southwest': {'lat': 36.80909882010728, 'lng': 34.62578467010727}}}",https://maps.gstatic.com/mapfiles/place_api/icons/v1/png_71/hospital-71.png,#F88181,https://maps.gstatic.com/mapfiles/place_api/icons/v2/hospital-H_pinlet,Özel Mersin Akdeniz Hastanesi,,"[{'height': 4032, 'html_attributions': ['<a href=""https://maps.google.com/maps/contrib/105149658435554022759"">A Google User</a>'], 'photo_reference': 'AfLeUgPmY3X8NffXs7A9oPy_m00JduSGzxIYWl-sxBSCA5m37xotl3YDulXqWSJ1v530kBnH7muj1_KBES1O_777JWvz-9ItDV_5CwLuyL1PPdrE57Y_3AEJCefu3i-BHoc74pC-cY-bmiJvl09c4DUDVWkAkgx3yJiDL4P8tTA6tKAEyZtw', 'width': 3024}]",ChIJZc8hLLvzJxURJ_2Rr1XvFjg,"{'compound_code': 'RJ6G+5V Akdeniz, Mersin', 'global_code': '8G8PRJ6G+5V'}",1.0,ChIJZc8hLLvzJxURJ_2Rr1XvFjg,"['hospital', 'point_of_interest', 'health', 'establishment']",1
OPERATIONAL,"Bahçe, İstiklal Cd. No:106, 33010 Akdeniz/Mersin, Türkiye","{'location': {'lat': 36.7968123, 'lng': 34.62443020000001}, 'viewport': {'northeast': {'lat': 36.79811492989272, 'lng': 34.62584462989273}, 'southwest': {'lat': 36.79541527010728, 'lng': 34.62314497010728}}}",https://maps.gstatic.com/mapfiles/place_api/icons/v1/png_71/hospital-71.png,#F88181,https://maps.gstatic.com/mapfiles/place_api/icons/v2/hospital-H_pinlet,Özel İmc Hastanesi,,,ChIJgeaWAAzzJxURQlsR3OT-fO0,"{'compound_code': 'QJWF+PQ Akdeniz, Mersin', 'global_code': '8G8PQJWF+PQ'}",0.0,ChIJgeaWAAzzJxURQlsR3OT-fO0,"['hospital', 'point_of_interest', 'health', 'establishment']",0
OPERATIONAL,"Akdeniz, Gazi Mustafa Kemal Blv. No:669, 33340 Akdeniz/Mersin, Türkiye","{'location': {'lat': 36.7399706, 'lng': 34.5184825}, 'viewport': {'northeast': {'lat': 36.74133742989272, 'lng': 34.51979927989272}, 'southwest': {'lat': 36.73863777010728, 'lng': 34.51709962010727}}}",https://maps.gstatic.com/mapfiles/place_api/icons/v1/png_71/generic_business-71.png,#7B9EB0,https://maps.gstatic.com/mapfiles/place_api/icons/v2/generic_pinlet,Özel M City Hospital,,,ChIJq6qazViKJxUROkpUdSfPa-M,"{'compound_code': 'PGQ9+X9 Mezitli, Mersin', 'global_code': '8G8PPGQ9+X9'}",4.0,ChIJq6qazViKJxUROkpUdSfPa-M,"['point_of_interest', 'establishment']",2
OPERATIONAL,"Çiftçiler, 33240 Toroslar/Mersin, Türkiye","{'location': {'lat': 36.8513023, 'lng': 34.6067458}, 'viewport': {'northeast': {'lat': 36.85270902989273, 'lng': 34.60817612989272}, 'southwest': {'lat': 36.85000937010728, 'lng': 34.60547647010728}}}",https://maps.gstatic.com/mapfiles/place_api/icons/v1/png_71/hospital-71.png,#F88181,https://maps.gstatic.com/mapfiles/place_api/icons/v2/hospital-H_pinlet,Mersin Dia Entegre Hast.,,"[{'height': 3472, 'html_attributions': ['<a href=""https://maps.google.com/maps/contrib/104963076692790142387"">A Google User</a>'], 'photo_reference': 'AfLeUgM35Epm42y40FGoyYynDkLF_Lg6qDU--ShStlmLySTu6yiomFDY8Eeyq1_soY0mD05q_KuCz040z1JIdFBR0jW2qUm58XyFZS5QLMokO0QKljeyUx66_1K66u9zYqAkHc-gIOX9hLMwm3Y-ahPQusZbE5XXHyVPnEJqWHt6RA2RUN0W', 'width': 4640}]",ChIJIcUZwFDxJxURpAUVQpGWz90,"{'compound_code': 'VJ24+GM Toroslar, Mersin', 'global_code': '8G8PVJ24+GM'}",4.5,ChIJIcUZwFDxJxURpAUVQpGWz90,"['hospital', 'point_of_interest', 'health', 'establishment']",4
OPERATIONAL,"Mesudiye, 5117. Sk. No:34, 33060 Akdeniz/Mersin, Türkiye","{'location': {'lat': 36.8061356, 'lng': 34.6345426}, 'viewport': {'northeast': {'lat': 36.80789937989272, 'lng': 34.63609697989272}, 'southwest': {'lat': 36.80519972010728, 'lng': 34.63339732010728}}}",https://maps.gstatic.com/mapfiles/place_api/icons/v1/png_71/hospital-71.png,#F88181,https://maps.gstatic.com/mapfiles/place_api/icons/v2/hospital-H_pinlet,Taurus Mersin State Hospital,{'open_now': True},"[{'height': 1800, 'html_attributions': ['<a href=""https://maps.google.com/maps/contrib/104723293670350753540"">Resul Calis</a>'], 'photo_reference': 'AfLeUgOoSGpPvO6CnbIbTk9R0EpqZDl0TlZ5nk8Jx1F1HOtruU6yEXn7bmcrIcEyLjbjy_a8dJ0OwCB8KpWPCluzfXh5eJLGSW0ef4GQpZuXCfM-iQdpiPZdxl4bYCXFld6d_wriaW7iX5WaJlhFJRb-9kASglILLqFIfw4vYc4V6K81Bjgh', 'width': 4000}]",ChIJaaETVq7zJxUR8huFdahIX5s,"{'compound_code': 'RJ4M+FR Akdeniz, Mersin', 'global_code': '8G8PRJ4M+FR'}",3.5,ChIJaaETVq7zJxUR8huFdahIX5s,"['hospital', 'doctor', 'point_of_interest', 'health', 'establishment']",299
OPERATIONAL,"Menteş, Menteş Mah. Barbaros Cd, 140.Sk, D:No:105, 33150 Yenişehir/Mersin, Türkiye","{'location': {'lat': 36.7922987, 'lng': 34.5824662}, 'viewport': {'northeast': {'lat': 36.79362497989271, 'lng': 34.58388192989273}, 'southwest': {'lat': 36.79092532010727, 'lng': 34.58118227010728}}}",https://maps.gstatic.com/mapfiles/place_api/icons/v1/png_71/hospital-71.png,#F88181,https://maps.gstatic.com/mapfiles/place_api/icons/v2/hospital-H_pinlet,Özel Mersin Akademi Hastanesi,{'open_now': True},"[{'height': 3016, 'html_attributions': ['<a href=""https://maps.google.com/maps/contrib/113476973010759060280"">Life &amp; WE</a>'], 'photo_reference': 'AfLeUgNtrNxuLRrgxD8cOYlTEYQbiqKuOrDwTAIjNuPdyCq22vJ--ks4LvdTRNH-TXi-Q_WBdxpb_lg-9_zhdEoojzvsKQibic1qDMxLykK5CjrfO9oMmtUKlvbsJEQn88CpZdodgFsPa_EqqLV7iwv6lXfav1T9q8krBs2RpeUdSjKNSG1P', 'width': 4032}]",ChIJ31UycLz0JxUREf-2IqJIetc,"{'compound_code': 'QHRJ+WX Yenişehir, Mersin', 'global_code': '8G8PQHRJ+WX'}",3.3,ChIJ31UycLz0JxUREf-2IqJIetc,"['hospital', 'point_of_interest', 'health', 'establishment']",282
OPERATIONAL,"Turgutreis, 4138. Sk. No:192, 33010 Akdeniz/Mersin, Türkiye","{'location': {'lat': 36.794176, 'lng': 34.615336}, 'viewport': {'northeast': {'lat': 36.79552582989272, 'lng': 34.61668617989272}, 'southwest': {'lat': 36.79282617010727, 'lng': 34.61398652010728}}}",https://maps.gstatic.com/mapfiles/place_api/icons/v1/png_71/hospital-71.png,#F88181,https://maps.gstatic.com/mapfiles/place_api/icons/v2/hospital-H_pinlet,İmc İnt. Medical Center,,"[{'height': 4032, 'html_attributions': ['<a href=""https://maps.google.com/maps/contrib/112715582631178503088"">زينه الشهري</a>'], 'photo_reference': 'AfLeUgPM4hEw1XQU710fQNWzhqEioqAOgvCKz0acon7IcjLyPZGbXhrdrv8PCHbFuOFzsJYJVE05WA8_PXI5hVHe_21oQmnSkTfUyqChI1EyfGhN0DQgPbQIFQTEkpT6virfq6WyZDR0DBWmTHD2Pl0QNQ7yN3sgDCHIDPXynHKIKHTmJBzH', 'width': 3024}]",ChIJLfaflm3zJxURFAx9jbmtsak,"{'compound_code': 'QJV8+M4 Akdeniz, Mersin', 'global_code': '8G8PQJV8+M4'}",4.5,ChIJLfaflm3zJxURFAx9jbmtsak,"['hospital', 'point_of_interest', 'health', 'establishment']",2
