business_status,formatted_address,geometry,icon,icon_background_color,icon_mask_base_uri,name,opening_hours,photos,place_id,plus_code,rating,reference,types,user_ratings_total
OPERATIONAL,"Döşeme, Cumhuriyet Cd. No:66, 01130 Seyhan/Adana, Türkiye","{'location': {'lat': 36.9952665, 'lng': 35.3147364}, 'viewport': {'northeast': {'lat': 36.99682427989272, 'lng': 35.31589742989272}, 'southwest': {'lat': 36.99412462010728, 'lng': 35.31319777010728}}}",https://maps.gstatic.com/mapfiles/place_api/icons/v1/png_71/hospital-71.png,#F88181,https://maps.gstatic.com/mapfiles/place_api/icons/v2/hospital-H_pinlet,Acibadem Adana Hospital,{'open_now': True},"[{'height': 3472, 'html_attributions': ['<a href=""https://maps.google.com/maps/contrib/105278671516643454460"">cemil serezli</a>'], 'photo_reference': 'AfLeUgPdxMSthavnRv5CHAYwJuxGgisIiF3y-MJXu22Bwp89etUGkCCN-bp6xkFqU7Ef4SLnONPXk3alWB0gcEPTaPmuzi3ZAZO6OoJCspvZZGbp6yEZXJl2GYOeOz58QxZPyNo6kfusiIjhwoFW34uBaxyIy-X77K66ygq0spgTGFFCaKnF', 'width': 4624}]",ChIJB-UXaUKPKBURvw-UhE7wjuQ,"{'compound_code': 'X8W7+4V Seyhan, Adana', 'global_code': '8G8QX8W7+4V'}",3.7,ChIJB-UXaUKPKBURvw-UhE7wjuQ,"['hospital', 'point_of_interest', 'health', 'establishment']",260
OPERATIONAL,"Ziyapaşa, 67055. Sk. No:1, 01140 Seyhan/Adana, Türkiye","{'location': {'lat': 37.0140106, 'lng': 35.3256136}, 'viewport': {'northeast': {'lat': 37.01551642989271, 'lng': 35.32694812989272}, 'southwest': {'lat': 37.01281677010727, 'lng': 35.32424847010728}}}",https://maps.gstatic.com/mapfiles/place_api/icons/v1/png_71/hospital-71.png,#F88181,https://maps.gstatic.com/mapfiles/place_api/icons/v2/hospital-H_pinlet,Private Adana Hospital Middle East,{'open_now': True},"[{'height': 12000, 'html_attributions': ['<a href=""https://maps.google.com/maps/contrib/100562718059335420266"">ahmet can erkiş</a>'], 'photo_reference': 'AfLeUgP6yuGy-tjb5Wcpr-22MR1gloYC1arCMNiz7wsIyHSTW-jNJtJiuzcaG8RqiKjt7ynl4LejJUXv_ZRytQinGnKUknvQez1TZQ1BuTAvYsWo4YSNTupGiUFIvqXkXDWhdTMAIOENQFfMjZHB9_wu40RGUgju7_PcDbFtlLv4urwJlatM', 'width': 9000}]",ChIJEShbgxiPKBURTXTaPULRlU0,"{'compound_code': '287G+J6 Seyhan, Adana', 'global_code': '8G9Q287G+J6'}",3.5,ChIJEShbgxiPKBURTXTaPULRlU0,"['hospital', 'point_of_interest', 'health', 'establishment']",359
OPERATIONAL,"Toros, Şehitler Blv No No:43, 01170 Çukurova/Adana, Türkiye","{'location': {'lat': 37.0355373, 'lng': 35.3065571}, 'viewport': {'northeast': {'lat': 37.03683077989272, 'lng': 35.30800432989273}, 'southwest': {'lat': 37.03413112010728, 'lng': 35.30530467010728}}}",https://maps.gstatic.com/mapfiles/place_api/icons/v1/png_71/hospital-71.png,#F88181,https://maps.gstatic.com/mapfiles/place_api/icons/v2/hospital-H_pinlet,European Hospital,{'open_now': True},"[{'height': 719, 'html_attributions': ['<a href=""https://maps.google.com/maps/contrib/106510699634529977289"">Dılemın Brindare</a>'], 'photo_reference': 'AfLeUgNUWJ5A_vlRRxtn1S_E8vc38zf7UX1ESM26p9T8x29gfO1Q9Sy_3AopPqyoBKMA_uN-jiqHTCMrtn7omgedI2qGm9-CPJmOOUShL_FX3J4iuuTI-5zVWrpIew-tERWTRuiWZhowpF0OKFGBCzVpINOJvBcTWWJHBg3AlFRuIUsubAO1', 'width': 1240}]",ChIJe1XVCtKOKBURqmROFVGENCU,"{'compound_code': '28P4+6J Çukurova, Adana', 'global_code': '8G9Q28P4+6J'}",2.9,ChIJe1XVCtKOKBURqmROFVGENCU,"['hospital', 'point_of_interest', 'health', 'establishment']",152
OPERATIONAL,"Belediye Evleri, Turgut Özal Blv. No:234, 01170 Çukurova/Adana, Türkiye","{'location': {'lat': 37.05326549999999, 'lng': 35.2544362}, 'viewport': {'northeast': {'lat': 37.05431687989272, 'lng': 35.25556035}, 'southwest': {'lat': 37.05161722010727, 'lng': 35.25264495}}}",https://maps.gstatic.com/mapfiles/place_api/icons/v1/png_71/hospital-71.png,#F88181,https://maps.gstatic.com/mapfiles/place_api/icons/v2/hospital-H_pinlet,Özel Medline Hastanesi,{'open_now': True},"[{'height': 423, 'html_attributions': ['<a href=""https://maps.google.com/maps/contrib/117363142160231849570"">A Google User</a>'], 'photo_reference': 'AfLeUgMd4CAu-ln4z4h5kOv3M9hzXI6j4BrvOT7NYNrohicHYgxL88H8IJvyX6hUKIxmSUOwcvHglnwGR7p2RyD57hG_dixoBxPgTBGneGP7vc1a-u0RI3G1IosJvYCdzAnuXUrcsCmX5-xzPqyX4lcgpsa7jCBAj2FieflV2ogTFtp0eT1G', 'width': 725}]",ChIJBaJvvKiJKBURKKKpzpqIc8A,"{'compound_code': '3733+8Q Çukurova, Adana', 'global_code': '8G9Q3733+8Q'}",3.1,ChIJBaJvvKiJKBURKKKpzpqIc8A,"['hospital', 'point_of_interest', 'health', 'establishment']",431
OPERATIONAL,"Toros, Kasım Ener Cd No:25, 01170 Çukurova/Adana, Türkiye","{'location': {'lat': 37.0361912, 'lng': 35.29721079999999}, 'viewport': {'northeast': {'lat': 37.03745707989273, 'lng': 35.29856772989272}, 'southwest': {'lat': 37.03475742010728, 'lng': 35.29586807010727}}}",https://maps.gstatic.com/mapfiles/place_api/icons/v1/png_71/hospital-71.png,#F88181,https://maps.gstatic.com/mapfiles/place_api/icons/v2/hospital-H_pinlet,Special Caesar Hospital,{'open_now': True},"[{'height': 1080, 'html_attributions': ['<a href=""https://maps.google.com/maps/contrib/105550764254306679103"">mustafa pala</a>'], 'photo_reference': 'AfLeUgODPxp7F0PYL1kTXO-fnJkwZfqRbLTlm9gagppPI-7cL7303uElCntUsxt0cA2SI--JYDR32-InZB0AFRJntbbAg9jKfxeZP_LKCqDjrNTIX3MmJZlIQxZpf0SxJa9uZko5oZQnXtiHtrRk4e8f6ogKWhCTSB6CmCCjzzT3T-Iz6AgT', 'width': 1920}]",ChIJ7z36mS6JKBURTxwvnRHhvDc,"{'compound_code': '27PW+FV Çukurova, Adana', 'global_code': '8G9Q27PW+FV'}",3.2,ChIJ7z36mS6JKBURTxwvnRHhvDc,"['hospital', 'point_of_interest', 'health', 'establishment']",342
OPERATIONAL,"Namık Kemal, Mustafa Kemal Paşa Blv. No:15, 01140 Seyhan/Adana, Türkiye","{'location': {'lat': 37.004555, 'lng': 35.315288}, 'viewport': {'northeast': {'lat': 37.00583967989272, 'lng': 35.31667322989271}, 'southwest': {'lat': 37.00314002010728, 'lng': 35.31397357010727}}}",https://maps.gstatic.com/mapfiles/place_api/icons/v1/png_71/hospital-71.png,#F88181,https://maps.gstatic.com/mapfiles/place_api/icons/v2/hospital-H_pinlet,Medical Park Seyhan Hastanesi,{'open_now': True},"[{'height': 2048, 'html_attributions': ['<a href=""https://maps.google.com/maps/contrib/113320391061159115521"">A Google User</a>'], 'photo_reference': 'AfLeUgN16y-1ewCSvTQg29Pl4SpPpK54nNT5DARuuv3bQArqWAGKJD0wWPwXElHpZtbhaglg-CDhCxvE9C_7dqeY2-zhK3-tw_RUEw9R0OT83fEJkPN6OWmFJqGFwWWYe23-xyvvIIaK1x78Zm5R1AjolPinWA5jae52C3PnhhtNxhT3UEVX', 'width': 1536}]",ChIJdbqueCCPKBUR50w4PhZR-_w,"{'compound_code': '2838+R4 Seyhan, Adana', 'global_code': '8G9Q2838+R4'}",5.0,ChIJdbqueCCPKBUR50w4PhZR-_w,"['hospital', 'point_of_interest', 'health', 'establishment']",205
OPERATIONAL,"Büyükşehir, Çınarlı Atatürk Caddesi, Belediye Karşısı No:23, 01060 Seyhan/Adana, Türkiye","{'location': {'lat': 36.9943467, 'lng': 35.3241838}, 'viewport': {'northeast': {'lat': 36.99556592989273, 'lng': 35.32554547989272}, 'southwest': {'lat': 36.99286627010729, 'lng': 35.32284582010728}}}",https://maps.gstatic.com/mapfiles/place_api/icons/v1/png_71/hospital-71.png,#F88181,https://maps.gstatic.com/mapfiles/place_api/icons/v2/hospital-H_pinlet,Medical Park Adana Hastanesi,{'open_now': True},"[{'height': 2048, 'html_attributions': ['<a href=""https://maps.google.com/maps/contrib/110761796705053894382"">A Google User</a>'], 'photo_reference': 'AfLeUgPJxWSEDJGHzeitwJS_TfZVItupNILX2v6lWi3wZsaOEHIEnIYmeSVSKvRIS9LKfGvec92Has6l0n87UXVZuPI110fms1LZy0S03Y_mip13MmkzqpzHAtnBmAVTPMdjpxhpdKytw8_K2HyPT-Z_3ZfUATshhbVASu7oADePJflFv0j-', 'width': 923}]",ChIJi_TlkQWPKBURkrRm7T7ZOgA,"{'compound_code': 'X8VF+PM Seyhan, Adana', 'global_code': '8G8QX8VF+PM'}",5.0,ChIJi_TlkQWPKBURkrRm7T7ZOgA,"['hospital', 'point_of_interest', 'health', 'establishment']",246
OPERATIONAL,"Kışla Mahallesi, Dr. Mithat Özsan Bulvarı, 4522. Sokak No:1, Yüreğir/Adana, Türkiye","{'location': {'lat': 37.0286379, 'lng': 35.3480916}, 'viewport': {'northeast': {'lat': 37.03035792989272, 'lng': 35.34895594999998}, 'southwest': {'lat': 37.02765827010728, 'lng': 35.34549855}}}",https://maps.gstatic.com/mapfiles/place_api/icons/v1/png_71/hospital-71.png,#F88181,https://maps.gstatic.com/mapfiles/place_api/icons/v2/hospital-H_pinlet,SBÜ Adana Şehir Eğitim ve Araştırma Hastanesi,{'open_now': True},"[{'height': 2892, 'html_attributions': ['<a href=""https://maps.google.com/maps/contrib/113572855234441384535"">Martin Šturcel</a>'], 'photo_reference': 'AfLeUgMKDP7hH2HSxGhDoMUb3cLRQrd-FSsSeSwJ9p_qr-nNq2s6oW4xs2vPiuTKVcRCZPSPAS8LsGNhhB-MGYRpHKDePf_rerOrjYOA7V63hDCPM1X-udB4mqRI6VFVHsGAtzk_w8ODe__qzSwXeQR_nptia9CqboPha7zUbu4MohtEcMom', 'width': 3852}]",ChIJ____712PKBUR_LV5Oh2u-wo,"{'compound_code': '28HX+F6 Yüreğir, Adana', 'global_code': '8G9Q28HX+F6'}",3.1,ChIJ____712PKBUR_LV5Oh2u-wo,"['hospital', 'doctor', 'point_of_interest', 'health', 'establishment']",817
OPERATIONAL,"Döşeme, Cumhuriyet Cd. No:64, 01130 Seyhan/Adana, Türkiye","{'location': {'lat': 36.9954083, 'lng': 35.3154716}, 'viewport': {'northeast': {'lat': 36.99659017989272, 'lng': 35.31682212989271}, 'southwest': {'lat': 36.99389052010727, 'lng': 35.31412247010727}}}",https://maps.gstatic.com/mapfiles/place_api/icons/v1/png_71/generic_business-71.png,#7B9EB0,https://maps.gstatic.com/mapfiles/place_api/icons/v2/generic_pinlet,Special Ortopedia Hospital,{'open_now': True},"[{'height': 1920, 'html_attributions': ['<a href=""https://maps.google.com/maps/contrib/115024576540730323449"">ergun guzel</a>'], 'photo_reference': 'AfLeUgNu9RExXw1yFVEZk-fjxVcMMrMOqRRtMz8LGZP0BRdWk0T4iO30bZpy83AJYVq7Ky2MBiFA9Rew6eWyWWuETHeJGnVlkHgm4azVyq4wNkMQBO_8b7IAe0pNQmik_QRFoS222wHxyl8WUECsIuZuzqr1iGJfp3Lzw6gHkfgODY8tlZ7o', 'width': 1080}]",ChIJRVlMM0WPKBURhk-oQWJ3wt4,"{'compound_code': 'X8W8+55 Seyhan, Adana', 'global_code': '8G8QX8W8+55'}",3.4,ChIJRVlMM0WPKBURhk-oQWJ3wt4,"['hospital', 'point_of_interest', 'health', 'establishment']",157
OPERATIONAL,"Döşeme, Cumhuriyet Cd. No:64, 01130 Seyhan/Adana, Türkiye","{'location': {'lat': 36.9954377, 'lng': 35.3153856}, 'viewport': {'northeast': {'lat': 36.99660477989272, 'lng': 35.31673622989272}, 'southwest': {'lat': 36.99390512010728, 'lng': 35.31403657010728}}}",https://maps.gstatic.com/mapfiles/place_api/icons/v1/png_71/hospital-71.png,#F88181,https://maps.gstatic.com/mapfiles/place_api/icons/v2/hospital-H_pinlet,مشفى اضنا اورتبيديا,,,ChIJgwKHNEWPKBURuYSYH1UAIvc,"{'compound_code': 'X8W8+55 Seyhan, Adana', 'global_code': '8G8QX8W8+55'}",2.0,ChIJgwKHNEWPKBURuYSYH1UAIvc,"['hospital', 'point_of_interest', 'health', 'establishment']",3
OPERATIONAL,"Seyhan, 01390 Yüreğir/Adana, Türkiye","{'location': {'lat': 36.9795381, 'lng': 35.337881}, 'viewport': {'northeast': {'lat': 36.98104042989272, 'lng': 35.33925517989272}, 'southwest': {'lat': 36.97834077010727, 'lng': 35.33655552010728}}}",https://maps.gstatic.com/mapfiles/place_api/icons/v1/png_71/hospital-71.png,#F88181,https://maps.gstatic.com/mapfiles/place_api/icons/v2/hospital-H_pinlet,Medical Hospital,,,ChIJtXTYDH2PKBURN3lMrQbPCK8,"{'compound_code': 'X8HQ+R5 Yüreğir, Adana', 'global_code': '8G8QX8HQ+R5'}",4.6,ChIJtXTYDH2PKBURN3lMrQbPCK8,"['hospital', 'point_of_interest', 'health', 'establishment']",10
OPERATIONAL,"Meydan, 39032. Sk. No:2 D:1, 01070 Seyhan/Adana, Türkiye","{'location': {'lat': 36.9834287, 'lng': 35.3057296}, 'viewport': {'northeast': {'lat': 36.98477727989273, 'lng': 35.30704732989272}, 'southwest': {'lat': 36.98207762010728, 'lng': 35.30434767010728}}}",https://maps.gstatic.com/mapfiles/place_api/icons/v1/png_71/hospital-71.png,#F88181,https://maps.gstatic.com/mapfiles/place_api/icons/v2/hospital-H_pinlet,Hastane,,,ChIJeQCkNfyFKBURlPandOSuy5s,"{'compound_code': 'X8M4+97 Seyhan, Adana', 'global_code': '8G8QX8M4+97'}",0.0,ChIJeQCkNfyFKBURlPandOSuy5s,"['hospital', 'point_of_interest', 'health', 'establishment']",0
OPERATIONAL,"Seyhan, Karataş Blv. Üzeri D:No:16, 01291 Yüreğir/Adana, Türkiye","{'location': {'lat': 36.9819571, 'lng': 35.3379598}, 'viewport': {'northeast': {'lat': 36.98331802989271, 'lng': 35.33938737989272}, 'southwest': {'lat': 36.98061837010727, 'lng': 35.33668772010727}}}",https://maps.gstatic.com/mapfiles/place_api/icons/v1/png_71/hospital-71.png,#F88181,https://maps.gstatic.com/mapfiles/place_api/icons/v2/hospital-H_pinlet,Special Özülkü Medical Center,{'open_now': True},"[{'height': 1920, 'html_attributions': ['<a href=""https://maps.google.com/maps/contrib/100806448163242852508"">Alper KOZAEKER</a>'], 'photo_reference': 'AfLeUgM1WaSvwarjw9RN2HGESiEcHMz24ps2Omq_BqKCnuLwkk5uJcZJbWKQ598qiGwDl6dLKpGa0k9_FB9fvxgm8SRaTst1Y_albxW829qGWS9OZuy-vha-1Y-F78SIhd-Gw8HyJGSajdwByNSg9yW-vnidR9AqrhNYwDBvqSrG2WAIrwet', 'width': 1088}]",ChIJHVgGjHyPKBURao60Q1r8lpE,"{'compound_code': 'X8JQ+Q5 Yüreğir, Adana', 'global_code': '8G8QX8JQ+Q5'}",2.8,ChIJHVgGjHyPKBURao60Q1r8lpE,"['hospital', 'point_of_interest', 'health', 'establishment']",37
OPERATIONAL,"Dadaloğlu, 2591. Sk. 4/A, 01250 Yüreğir/Adana, Türkiye","{'location': {'lat': 37.004556, 'lng': 35.3626743}, 'viewport': {'northeast': {'lat': 37.00586312989272, 'lng': 35.36425227989272}, 'southwest': {'lat': 37.00316347010727, 'lng': 35.36155262010728}}}",https://maps.gstatic.com/mapfiles/place_api/icons/v1/png_71/hospital-71.png,#F88181,https://maps.gstatic.com/mapfiles/place_api/icons/v2/hospital-H_pinlet,Başkent Üniversitesi Adana Uyg. ve Araşt. Merkezi Yüreğir Hastanesi,{'open_now': True},"[{'height': 2592, 'html_attributions': ['<a href=""https://maps.google.com/maps/contrib/105976298807163304701"">Ibrahim Logoglu</a>'], 'photo_reference': 'AfLeUgNpDyLMYo2CAzJQaiDvkAnYCtcbAClRFSWHY207jfzF2FmYnkVYIORsvhjDVec7aILdQyqi5T56p6uZMz6fDrZeV4BTBS1qyuAKAI055dzbgEVu9ViK2xOfoz_-hdAUYHxTIlW9-Ql_BplHX8IQNYKXVu8iYPiWVn1b7NXjfHXNwNNh', 'width': 4608}]",ChIJGTnBhrOPKBURIC4tT7SivbA,"{'compound_code': '2937+R3 Yüreğir, Adana', 'global_code': '8G9Q2937+R3'}",3.3,ChIJGTnBhrOPKBURIC4tT7SivbA,"['hospital', 'doctor', 'point_of_interest', 'health', 'establishment']",278
OPERATIONAL,"Yenibaraj, Hacı Ömer Sabancı Cd, 01150 Seyhan/Adana, Türkiye","{'location': {'lat': 37.0200319, 'lng': 35.3187866}, 'viewport': {'northeast': {'lat': 37.02186127989272, 'lng': 35.32059112989271}, 'southwest': {'lat': 37.01916162010727, 'lng': 35.31789147010727}}}",https://maps.gstatic.com/mapfiles/place_api/icons/v1/png_71/hospital-71.png,#F88181,https://maps.gstatic.com/mapfiles/place_api/icons/v2/hospital-H_pinlet,Adana Seyhan State Hospital,{'open_now': True},"[{'height': 2448, 'html_attributions': ['<a href=""https://maps.google.com/maps/contrib/103562893798840656664"">Halil Bilek</a>'], 'photo_reference': 'AfLeUgMBWiJhr7EiG24S0pIz8dW_ZwIWKkuZv-Iu1L6jEv3eJeMMbJYVzRxfm3wfvAYh-WPwk6yo9t6iKJYHm2NHBniloks2OOL4_wT0cB3dAYsnahg8mp5v8huVq1ksYNGfY51uoDX0dRyj5a6Gs4qR43_Y2LkQ9o92nU8EgnrO-82pNUT7', 'width': 3264}]",ChIJOyv01SaPKBURoGHzff-bdvk,"{'compound_code': '28C9+2G Seyhan, Adana', 'global_code': '8G9Q28C9+2G'}",3.2,ChIJOyv01SaPKBURoGHzff-bdvk,"['hospital', 'point_of_interest', 'health', 'establishment']",351
OPERATIONAL,"Reşatbey, Mustafa Kemal Paşa Blv. No:3 D:62, 01140 Seyhan/Adana, Türkiye","{'location': {'lat': 37.00800020000001, 'lng': 35.3236493}, 'viewport': {'northeast': {'lat': 37.00921117989272, 'lng': 35.32496967989272}, 'southwest': {'lat': 37.00651152010728, 'lng': 35.32227002010728}}}",https://maps.gstatic.com/mapfiles/place_api/icons/v1/png_71/hospital-71.png,#F88181,https://maps.gstatic.com/mapfiles/place_api/icons/v2/hospital-H_pinlet,Adana Yüreğir Baskent Hastanesi,,,ChIJG_ojfziPKBURc5FaCk1M630,"{'compound_code': '285F+6F Seyhan, Adana', 'global_code': '8G9Q285F+6F'}",2.8,ChIJG_ojfziPKBURc5FaCk1M630,"['hospital', 'point_of_interest', 'health', 'establishment']",9
OPERATIONAL,"Dağlıoğlu, 14204. Sk. 5 A, 01040 Seyhan/Adana, Türkiye","{'location': {'lat': 36.9702783, 'lng': 35.3086478}, 'viewport': {'northeast': {'lat': 36.97151622989272, 'lng': 35.31005462989272}, 'southwest': {'lat': 36.96881657010728, 'lng': 35.30735497010728}}}",https://maps.gstatic.com/mapfiles/place_api/icons/v1/png_71/hospital-71.png,#F88181,https://maps.gstatic.com/mapfiles/place_api/icons/v2/hospital-H_pinlet,Özel Güney Adana Hastanesi,{'open_now': True},"[{'height': 2448, 'html_attributions': ['<a href=""https://maps.google.com/maps/contrib/116559889188643784678"">goldbridge blue</a>'], 'photo_reference': 'AfLeUgPBH0IAUwNGLwssuNZMrHgAdGgblSTQhP-kB5iMIBvSemmVBNbRXOaJXo62ql0hV1cgpCHX2R6ksCth4m1QFSNlQ37qu8wwTkgpuPjs9NoPQojFb2ExRApz4h3TJVhXy4TKd3prSuXnhdKaVr2Ro5T0AV6IBYJO0sZpKIB8vUvldbfK', 'width': 3264}]",ChIJb9AaReeFKBURuuMJZxiZXZU,"{'compound_code': 'X8C5+4F Seyhan, Adana', 'global_code': '8G8QX8C5+4F'}",2.9,ChIJb9AaReeFKBURuuMJZxiZXZU,"['hospital', 'point_of_interest', 'health', 'establishment']",169
OPERATIONAL,"Kurtuluş, 01130 Seyhan/Adana, Türkiye","{'location': {'lat': 37.0005106, 'lng': 35.3163942}, 'viewport': {'northeast': {'lat': 37.00183647989272, 'lng': 35.31768032989272}, 'southwest': {'lat': 36.99913682010727, 'lng': 35.31498067010727}}}",https://maps.gstatic.com/mapfiles/place_api/icons/v1/png_71/hospital-71.png,#F88181,https://maps.gstatic.com/mapfiles/place_api/icons/v2/hospital-H_pinlet,Adana,,,ChIJm17QiQqPKBURwoWiu4Ppt2Q,"{'compound_code': '2828+6H Seyhan, Adana', 'global_code': '8G9Q2828+6H'}",0.0,ChIJm17QiQqPKBURwoWiu4Ppt2Q,"['hospital', 'point_of_interest', 'health', 'establishment']",0
OPERATIONAL,"Reşatbey, Ali Sepici Blv. No:102, 01170 Seyhan/Adana, Türkiye","{'location': {'lat': 37.0460315, 'lng': 35.2961509}, 'viewport': {'northeast': {'lat': 37.04739642989271, 'lng': 35.29753537989273}, 'southwest': {'lat': 37.04469677010727, 'lng': 35.29483572010728}}}",https://maps.gstatic.com/mapfiles/place_api/icons/v1/png_71/hospital-71.png,#F88181,https://maps.gstatic.com/mapfiles/place_api/icons/v2/hospital-H_pinlet,Odak Hastane,,,ChIJTSb3jTaJKBURIw3GsI8X298,"{'compound_code': '27WW+CF Seyhan, Adana', 'global_code': '8G9Q27WW+CF'}",0.0,ChIJTSb3jTaJKBURIw3GsI8X298,"['hospital', 'point_of_interest', 'health', 'establishment']",0
OPERATIONAL,"Gazipaşa, Baraj Cad. No:5, 01140 Seyhan/Adana, Türkiye","{'location': {'lat': 37.0079459, 'lng': 35.3236393}, 'viewport': {'northeast': {'lat': 37.00929267989272, 'lng': 35.32510112989272}, 'southwest': {'lat': 37.00659302010727, 'lng': 35.32240147010728}}}",https://maps.gstatic.com/mapfiles/place_api/icons/v1/png_71/hospital-71.png,#F88181,https://maps.gstatic.com/mapfiles/place_api/icons/v2/hospital-H_pinlet,Başkent Üniversitesi Seyhan Hastanesi,{'open_now': True},"[{'height': 3456, 'html_attributions': ['<a href=""https://maps.google.com/maps/contrib/100492229346728979465"">A Google User</a>'], 'photo_reference': 'AfLeUgOc1HCFWaH0iFmJ7Ysszf1gJcMjhT9StX9_TVnd7Y-FvbRX7RQhwxTSAHfvPVOfcCFzl4hUI7Iie_tHge49qEzcMeW1C1RGcSjmD7T6_asLxiYc6yxOvD7aUKDtX0J-zbZeST-hBya30txvOTCjK3YDLbnQA-CkVzqMVXTrt9Fx5BDg', 'width': 5184}]",ChIJGcKolD2PKBURDUe1n1VinPg,"{'compound_code': '285F+5F Seyhan, Adana', 'global_code': '8G9Q285F+5F'}",3.2,ChIJGcKolD2PKBURDUe1n1VinPg,"['hospital', 'point_of_interest', 'health', 'establishment']",294
