business_status,formatted_address,geometry,icon,icon_background_color,icon_mask_base_uri,name,opening_hours,photos,place_id,plus_code,rating,reference,types,user_ratings_total
OPERATIONAL,"Sümerler, Şht. Zeyno Güzelkokar Cd. No : 10, 31160 Defne/Hatay, Türkiye","{'location': {'lat': 36.1833987, 'lng': 36.15231139999999}, 'viewport': {'northeast': {'lat': 36.18485442989272, 'lng': 36.15375112989273}, 'southwest': {'lat': 36.18215477010728, 'lng': 36.15105147010728}}}",https://maps.gstatic.com/mapfiles/place_api/icons/v1/png_71/hospital-71.png,#F88181,https://maps.gstatic.com/mapfiles/place_api/icons/v2/hospital-H_pinlet,Private Hatay Hospital,{'open_now': True},"[{'height': 1080, 'html_attributions': ['<a href=""https://maps.google.com/maps/contrib/108242896815472607572"">Cihan Aymaz</a>'], 'photo_reference': 'AfLeUgPlEK-RXo1DH1efSy1Ik2x7WBHeXHHRvXv55OtjF_JvHahWIH4Ar24QrhI_2j3-cAnRrnoot92WTS_ZOfrayyAnmp6NQ4b4CdbERuAp3EV8reehMfUh2UGByqsAmAxcUgGNfV4oiaeY6kIa0VSwyjfnIMvoQOT7T8yvhJ95jNjxU-ye', 'width': 1920}]",ChIJ97hRNM_DJRURsITzGlEXNFU,"{'compound_code': '55M2+9W Defne, Hatay', 'global_code': '8G8R55M2+9W'}",2.7,ChIJ97hRNM_DJRURsITzGlEXNFU,"['hospital', 'health', 'point_of_interest', 'establishment']",61
OPERATIONAL,"Altınçay, Mehmet Kafadar Cd. No:53 D:3100, 31040 Merkez/Hatay, Türkiye","{'location': {'lat': 36.2148937, 'lng': 36.1365902}, 'viewport': {'northeast': {'lat': 36.21629057989271, 'lng': 36.13789267989272}, 'southwest': {'lat': 36.21359092010727, 'lng': 36.13519302010728}}}",https://maps.gstatic.com/mapfiles/place_api/icons/v1/png_71/hospital-71.png,#F88181,https://maps.gstatic.com/mapfiles/place_api/icons/v2/hospital-H_pinlet,Hatay Eğitim ve Araştırma Hastanesi Ek Hizmet Binası,{'open_now': True},"[{'height': 3096, 'html_attributions': ['<a href=""https://maps.google.com/maps/contrib/106437780936779772409"">Amon RA</a>'], 'photo_reference': 'AfLeUgPGUcIbTD_gys2LFig6ZT65biFhDZFY23Led3_99V8NHpFdGhKzYGG_uRoQDMJJ4ddjRz0n-BpCNYaLbz2xpDvT-piqkG43ls0KMOETCLsrPPDiBIjYX5kXmPKq2rDvFIJ6k8t0-ZEVeF8dq6hGdCV10F1xllAdkuEES1rU7-a06kSJ', 'width': 4128}]",ChIJ7ZvLbVTCJRURHk0NLf6UAxs,"{'compound_code': '647P+XJ Antakya, Hatay', 'global_code': '8G8R647P+XJ'}",3.4,ChIJ7ZvLbVTCJRURHk0NLf6UAxs,"['hospital', 'health', 'point_of_interest', 'establishment']",178
OPERATIONAL,"Cebrail, Tunuslu Cad. No:14, 31030 Antakya/Hatay, Türkiye","{'location': {'lat': 36.20280899999999, 'lng': 36.16029899999999}, 'viewport': {'northeast': {'lat': 36.20415797989272, 'lng': 36.16164867989272}, 'southwest': {'lat': 36.20145832010728, 'lng': 36.15894902010728}}}",https://maps.gstatic.com/mapfiles/place_api/icons/v1/png_71/hospital-71.png,#F88181,https://maps.gstatic.com/mapfiles/place_api/icons/v2/hospital-H_pinlet,Akdeniz Hospital,,"[{'height': 3016, 'html_attributions': ['<a href=""https://maps.google.com/maps/contrib/118362264790848161092"">Mehmetcan Askar</a>'], 'photo_reference': 'AfLeUgMtVelwKgscXf07nJ8ArFomHTA3ckTnGFSq5_7xNonJyfN2opASUn-rgovF8wg4g4GJ0MBA4dK1eQqdM2s1UD0DKMdxWScENAgyDGVbR-iqt0jDhonPc90F4Niodr6uPSdLClBkCspM9f_Jd4s14qL2tJCJ9mBp-fMNzoHTtNXAfxzB', 'width': 4032}]",ChIJQ4n2oczDJRURISDyylTm6fc,,2.5,ChIJQ4n2oczDJRURISDyylTm6fc,"['hospital', 'health', 'point_of_interest', 'establishment']",17
OPERATIONAL,"Odabaşı, Uğur Mumcu Cd., 31030 Hatay Merkez/Hatay, Türkiye","{'location': {'lat': 36.2320882, 'lng': 36.1641951}, 'viewport': {'northeast': {'lat': 36.23344287989272, 'lng': 36.16545537989272}, 'southwest': {'lat': 36.23074322010728, 'lng': 36.16275572010727}}}",https://maps.gstatic.com/mapfiles/place_api/icons/v1/png_71/hospital-71.png,#F88181,https://maps.gstatic.com/mapfiles/place_api/icons/v2/hospital-H_pinlet,ÖZEL DEFNE HASTANESİ,{'open_now': True},"[{'height': 3120, 'html_attributions': ['<a href=""https://maps.google.com/maps/contrib/108600840620557034160"">ahmet karagündüz</a>'], 'photo_reference': 'AfLeUgM5HgtdBFqbS1WJ3wKhySSiYZ8X24MXGrDmnEwLeFL-tqAnQERQuh5CXm9QOdY5ia4f91G984OspLVo1HppO2VNOwNfdWemhgtVG-WGwT_78t559RY7ntkJmr5Iw1_mQbBcJ1DlNNDZ7ecEmDczVIdZ7-rMdJKmWxD26sA7b96tbmv_', 'width': 4160}]",ChIJtY-01qTDJRURQgEVq6SZnDU,"{'compound_code': '65J7+RM Antakya, Hatay', 'global_code': '8G8R65J7+RM'}",2.5,ChIJtY-01qTDJRURQgEVq6SZnDU,"['hospital', 'health', 'point_of_interest', 'establishment']",339
OPERATIONAL,"Odabaşı Mah. Atatürk Bulv. No: 146 İskenderun Yolu Üzeri 1. Kilometre, 31030 Antakya, Türkiye","{'location': {'lat': 36.2354052, 'lng': 36.169436}, 'viewport': {'northeast': {'lat': 36.23668677989272, 'lng': 36.17073332989272}, 'southwest': {'lat': 36.23398712010728, 'lng': 36.16803367010728}}}",https://maps.gstatic.com/mapfiles/place_api/icons/v1/png_71/hospital-71.png,#F88181,https://maps.gstatic.com/mapfiles/place_api/icons/v2/hospital-H_pinlet,Özel Antakya Akademi Hastanesi,{'open_now': False},"[{'height': 3024, 'html_attributions': ['<a href=""https://maps.google.com/maps/contrib/101360864494803032223"">basheer lyoosh</a>'], 'photo_reference': 'AfLeUgP1OYMyZHQupkmZZfQShLGwsj0s4Hd_-bVvCj09bvV255pbcdDuVdsBh_k0ZTSEnHEoWCcFnXaGYRtERm855CWiOPhuPx64tFQRPPtgsxIpbGhzyleeyi8VWCNgqmxpnPlc7arjWhAW8gUq_wu0E0brwmU33sckF1WTV2cqmpbR77qh', 'width': 4032}]",ChIJ-eDogxDCJRURhz01AyCgaCE,"{'compound_code': '65P9+5Q Antakya, Hatay', 'global_code': '8G8R65P9+5Q'}",2.8,ChIJ-eDogxDCJRURhz01AyCgaCE,"['hospital', 'health', 'store', 'point_of_interest', 'establishment']",209
OPERATIONAL,"Narlıca, 31035 Antakya/Hatay, Türkiye","{'location': {'lat': 36.2289253, 'lng': 36.1974688}, 'viewport': {'northeast': {'lat': 36.23033477989273, 'lng': 36.19888512989272}, 'southwest': {'lat': 36.22763512010729, 'lng': 36.19618547010727}}}",https://maps.gstatic.com/mapfiles/place_api/icons/v1/png_71/hospital-71.png,#F88181,https://maps.gstatic.com/mapfiles/place_api/icons/v2/hospital-H_pinlet,HATAY DİYALİZ MERKEZİ,,"[{'height': 3096, 'html_attributions': ['<a href=""https://maps.google.com/maps/contrib/112457644863005157317"">yasser rochdie</a>'], 'photo_reference': 'AfLeUgNo0_bClg-BwEAPF_vbR2xR19Pcs9YXBZKsVX3yOuf8ooUxudxiay0_re694bSZdH7Im1z6_KYAa1XT3jSAwYCKNWx1OG5N5umAwTEtxgUb5DrOWfUorRazYpAvOzKAY_HzaTSPVE1xtyJsMXoziGy5VE_DLYAMZZrjceACFh1ju5E4', 'width': 4128}]",ChIJGTSrqQrqJRUR1MgvhRulBIw,"{'compound_code': '65HW+HX Antakya, Hatay', 'global_code': '8G8R65HW+HX'}",0.0,ChIJGTSrqQrqJRUR1MgvhRulBIw,"['hospital', 'health', 'point_of_interest', 'establishment']",0
OPERATIONAL,"Havuzlar, Kıbrıs Şehitleri Cd. No:81, 31070 Antakya/Hatay, Türkiye","{'location': {'lat': 36.1945653, 'lng': 36.167228}, 'viewport': {'northeast': {'lat': 36.19595087989273, 'lng': 36.16851837989272}, 'southwest': {'lat': 36.19325122010729, 'lng': 36.16581872010728}}}",https://maps.gstatic.com/mapfiles/place_api/icons/v1/png_71/hospital-71.png,#F88181,https://maps.gstatic.com/mapfiles/place_api/icons/v2/hospital-H_pinlet,Antakya Devlet Hastanesi,,,ChIJ3RoGs9HDJRURNNYcJuiI_V0,"{'compound_code': '55V8+RV Antakya, Hatay', 'global_code': '8G8R55V8+RV'}",4.0,ChIJ3RoGs9HDJRURNNYcJuiI_V0,"['hospital', 'health', 'point_of_interest', 'establishment']",2
OPERATIONAL,"Odabaşı, 31120 Hatay Merkez/Hatay, Türkiye","{'location': {'lat': 36.2311091, 'lng': 36.1642169}, 'viewport': {'northeast': {'lat': 36.23244242989272, 'lng': 36.16565882989272}, 'southwest': {'lat': 36.22974277010727, 'lng': 36.16295917010728}}}",https://maps.gstatic.com/mapfiles/place_api/icons/v1/png_71/hospital-71.png,#F88181,https://maps.gstatic.com/mapfiles/place_api/icons/v2/hospital-H_pinlet,İhtisas Hastanesi,,"[{'height': 4032, 'html_attributions': ['<a href=""https://maps.google.com/maps/contrib/101518319911714967509"">mohammed haj ali</a>'], 'photo_reference': 'AfLeUgMtF6QAzlPQd1nFqvkAbKF5lvY0arVXxprO2KDA1PxgeOtvC8pLTpLgJJcXwcjhx7C-XxVynES2x6Yy0DvnA-s-tr9fdUnyzOLBwIpOk5sBerXmnF-9XT3q6jgXmwSvufNDWqzjteski3GV5ILgX8QNVyn1LCaxR7XmIlN3EbOZ5mtT', 'width': 3024}]",ChIJuRX97A_CJRUR3cy1a47NhQk,"{'compound_code': '65J7+CM Antakya, Hatay', 'global_code': '8G8R65J7+CM'}",2.7,ChIJuRX97A_CJRUR3cy1a47NhQk,"['hospital', 'health', 'point_of_interest', 'establishment']",3
OPERATIONAL,"Fevzi Çakmak, 1. Sk. No:11, 31070 Antakya/Hatay, Türkiye","{'location': {'lat': 36.1964093, 'lng': 36.1639784}, 'viewport': {'northeast': {'lat': 36.19774057989272, 'lng': 36.16533427989272}, 'southwest': {'lat': 36.19504092010727, 'lng': 36.16263462010728}}}",https://maps.gstatic.com/mapfiles/place_api/icons/v1/png_71/hospital-71.png,#F88181,https://maps.gstatic.com/mapfiles/place_api/icons/v2/hospital-H_pinlet,Mozaik Tüp Bebek Merkezi,{'open_now': False},"[{'height': 4000, 'html_attributions': ['<a href=""https://maps.google.com/maps/contrib/117484349136969830223"">A Google User</a>'], 'photo_reference': 'AfLeUgPTqzu_Mm4_d3Lmz-S9InROb5jXak4Xh4BJSHAEO4hNPMddRfyLa4Uo9g7ywqXKjbbZw17TjCsYTXvz0qdM1BaaE7Rgr7sKAEprgESVexTZ3lrL_ImnPjVs-AgCgOe0v2ODJAtmjcbcOamO5G_KMUlwH6aACXsw965b7HOFs0h0UIvC', 'width': 3000}]",ChIJRXLVYEvDJRURizfAdO8lK4I,"{'compound_code': '55W7+HH Antakya, Hatay', 'global_code': '8G8R55W7+HH'}",4.8,ChIJRXLVYEvDJRURizfAdO8lK4I,"['hospital', 'health', 'point_of_interest', 'establishment']",16
OPERATIONAL,"Altınçay, Mehmet Kafadar Cd. No:53, 31040 Antakya/Hatay, Türkiye","{'location': {'lat': 36.2156047, 'lng': 36.1366747}, 'viewport': {'northeast': {'lat': 36.21701377989272, 'lng': 36.13808687989273}, 'southwest': {'lat': 36.21431412010728, 'lng': 36.13538722010728}}}",https://maps.gstatic.com/mapfiles/place_api/icons/v1/png_71/hospital-71.png,#F88181,https://maps.gstatic.com/mapfiles/place_api/icons/v2/hospital-H_pinlet,Antakya Devlet Hastanesi,,"[{'height': 2268, 'html_attributions': ['<a href=""https://maps.google.com/maps/contrib/105512369943607305129"">mehmet babalıoğlu</a>'], 'photo_reference': 'AfLeUgOwSIlOiuSRCPR8R_GUZE9qENJVfZt7kSrBILn0m-w_Oyxxl3xMCH8YKDz95YRXGJJ7wMDDZjH_VIIy---yU8EMJlbwCultnF8B31gGix5I5WXDYkIGP9_ndReQuOBRYxkpoB6k-DUHpX6umL5_NfQoAy9Gn6EPlBqjHa2XxLWj6IhH', 'width': 4032}]",ChIJs9_vQFTCJRURQxNshpK8C1M,"{'compound_code': '648P+6M Antakya, Hatay', 'global_code': '8G8R648P+6M'}",2.7,ChIJs9_vQFTCJRURQxNshpK8C1M,"['hospital', 'health', 'point_of_interest', 'establishment']",29
OPERATIONAL,"Akdeniz, Turunçlu Cd. No:85, 31160 Defne/Hatay, Türkiye","{'location': {'lat': 36.1922604, 'lng': 36.1497412}, 'viewport': {'northeast': {'lat': 36.19366977989272, 'lng': 36.15104227989273}, 'southwest': {'lat': 36.19097012010727, 'lng': 36.14834262010728}}}",https://maps.gstatic.com/mapfiles/place_api/icons/v1/png_71/hospital-71.png,#F88181,https://maps.gstatic.com/mapfiles/place_api/icons/v2/hospital-H_pinlet,ÖZEL DOĞU AKDENİZ HASTANESİ,,"[{'height': 2136, 'html_attributions': ['<a href=""https://maps.google.com/maps/contrib/114708399908450753693"">Hatay Store</a>'], 'photo_reference': 'AfLeUgPMbFKBjvtjE-wHpzRdwsTVRUY8FrFAlLHpbS57l-ZwnBNrJU0l2cWtaA5RIFhDhz_0u5sJvoIVR5GC7Kez6R2coBehip9NxGYcEAoK2mMnOftiihympcU30gtP2iExnfbb8WUvPt_kmmb92XxbGz0xE-DtN-MTIMGcWA1FwPJxpFYt', 'width': 4624}]",ChIJfTemor7DJRURFXC5Bv0Qi4k,"{'compound_code': '54RX+WV Defne, Hatay', 'global_code': '8G8R54RX+WV'}",3.1,ChIJfTemor7DJRURFXC5Bv0Qi4k,"['hospital', 'health', 'point_of_interest', 'establishment']",105
OPERATIONAL,"Cebrail, Rüstem Tümer Paşa Cd. No:4, 31030 Antakya/Hatay, Türkiye","{'location': {'lat': 36.206805, 'lng': 36.156287}, 'viewport': {'northeast': {'lat': 36.20811917989272, 'lng': 36.15757532989272}, 'southwest': {'lat': 36.20541952010728, 'lng': 36.15487567010727}}}",https://maps.gstatic.com/mapfiles/place_api/icons/v1/png_71/hospital-71.png,#F88181,https://maps.gstatic.com/mapfiles/place_api/icons/v2/hospital-H_pinlet,Murat Cerrahi Hastanesi,,,ChIJmxd5FzXCJRURYDPeV6LwU1w,"{'compound_code': '6544+PG Antakya, Hatay', 'global_code': '8G8R6544+PG'}",0.0,ChIJmxd5FzXCJRURYDPeV6LwU1w,"['hospital', 'health', 'point_of_interest', 'establishment']",0
OPERATIONAL,"Odabaşı, Atatürk Cd No:146, 31001 Antakya/Hatay, Türkiye","{'location': {'lat': 36.2356918, 'lng': 36.1698357}, 'viewport': {'northeast': {'lat': 36.23694992989272, 'lng': 36.17111137989273}, 'southwest': {'lat': 36.23425027010727, 'lng': 36.16841172010729}}}",https://maps.gstatic.com/mapfiles/place_api/icons/v1/png_71/hospital-71.png,#F88181,https://maps.gstatic.com/mapfiles/place_api/icons/v2/hospital-H_pinlet,مشفى الأكاديمي,,"[{'height': 1920, 'html_attributions': ['<a href=""https://maps.google.com/maps/contrib/113908437834704073859"">A Google User</a>'], 'photo_reference': 'AfLeUgP4epN7DjeB2CeZHVOlhWnklqwvq8WCJ4zDXgX424qk26rodR0zDsKJjOAUR66tGY3qYgBofupebX4fWqBHq0xetn3YTvSVYmTWF0i9xOS2VcnouZgLXmBfsNajIz6ELpOd_kUwSD4Ra7QDitVuDedXrQ9ZZNlejR7dAYpIWxUyYD6V', 'width': 1080}]",ChIJL6GM2wbCJRURuPNVy9xji9I,"{'compound_code': '65P9+7W Antakya, Hatay', 'global_code': '8G8R65P9+7W'}",3.0,ChIJL6GM2wbCJRURuPNVy9xji9I,"['hospital', 'health', 'point_of_interest', 'establishment']",2
OPERATIONAL,"Odabaşı, A. Gaffar Okan Blv. No:1, 31001, 31001 Antakya/Hatay, Türkiye","{'location': {'lat': 36.2244485, 'lng': 36.1624687}, 'viewport': {'northeast': {'lat': 36.22574452989272, 'lng': 36.16377292989272}, 'southwest': {'lat': 36.22304487010727, 'lng': 36.16107327010728}}}",https://maps.gstatic.com/mapfiles/place_api/icons/v1/png_71/hospital-71.png,#F88181,https://maps.gstatic.com/mapfiles/place_api/icons/v2/hospital-H_pinlet,Dunya doktorlari dernegi mhpss klinigi,,,ChIJc66A8DbDJRURwSkkDEEc3MY,"{'compound_code': '65F6+QX Antakya, Hatay', 'global_code': '8G8R65F6+QX'}",0.0,ChIJc66A8DbDJRURwSkkDEEc3MY,"['hospital', 'health', 'point_of_interest', 'establishment']",0
OPERATIONAL,"Güzelburç, 31001 Antakya/Hatay, Türkiye","{'location': {'lat': 36.269865, 'lng': 36.223518}, 'viewport': {'northeast': {'lat': 36.27150047989272, 'lng': 36.22446227989272}, 'southwest': {'lat': 36.26880082010728, 'lng': 36.22176262010728}}}",https://maps.gstatic.com/mapfiles/place_api/icons/v1/png_71/hospital-71.png,#F88181,https://maps.gstatic.com/mapfiles/place_api/icons/v2/hospital-H_pinlet,Hatay State Hospital,{'open_now': True},"[{'height': 3000, 'html_attributions': ['<a href=""https://maps.google.com/maps/contrib/100005099024358252816"">A Google User</a>'], 'photo_reference': 'AfLeUgOMxKSOMVV5COLh_Hg5qz-BAMPDyUCle17tRxZQWfGIa6exy4bkxmCDooUiqTdVljGLXk8hAEEM1euCcnoa-o7Yh8KI6EIQpN7LNzUCf-uRu7pry0GPeW5VfIVUjQZUlV1gGCY14lsUyz7D1rFjO5DfNFeBBc5LOVOF6U_m1pJQeGZq', 'width': 4000}]",ChIJfZF-RQnrJRUR38OuUfWzSJ8,"{'compound_code': '769F+WC Antakya, Hatay', 'global_code': '8G8R769F+WC'}",3.4,ChIJfZF-RQnrJRUR38OuUfWzSJ8,"['hospital', 'doctor', 'health', 'point_of_interest', 'establishment']",291
OPERATIONAL,"Fevzi Çakmak, Örgü Cd. No:12, 31070 Antakya/Hatay, Türkiye","{'location': {'lat': 36.1965723, 'lng': 36.1627206}, 'viewport': {'northeast': {'lat': 36.19793307989271, 'lng': 36.16406047989272}, 'southwest': {'lat': 36.19523342010727, 'lng': 36.16136082010728}}}",https://maps.gstatic.com/mapfiles/place_api/icons/v1/png_71/hospital-71.png,#F88181,https://maps.gstatic.com/mapfiles/place_api/icons/v2/hospital-H_pinlet,Özel Mozaik Kadın Hastalıkları ve Doğum Hastanesi,{'open_now': True},"[{'height': 712, 'html_attributions': ['<a href=""https://maps.google.com/maps/contrib/111542592467311959634"">A Google User</a>'], 'photo_reference': 'AfLeUgP8mLDY4And4TtAzaptcUkSLSYhOAT81ePD4v6i32rETjgjpGwg2S3z5mlNiO0bmmeuBJlOYZFdUDR88m5CBUqircFfmr_Iglq8XbBAj6NkLQpTTUiVzidRI4hl1jOdtMNIXAC-uTsRn2NeEgMhgbdNxG8KBInBpHk7G0M5obcPPLsz', 'width': 1094}]",ChIJb9zdQc7DJRURwtjKSzFKApM,"{'compound_code': '55W7+J3 Antakya, Hatay', 'global_code': '8G8R55W7+J3'}",2.3,ChIJb9zdQc7DJRURwtjKSzFKApM,"['hospital', 'health', 'point_of_interest', 'establishment']",180
OPERATIONAL,"Odabaşı, Atatürk Cd No:144, 31001 Antakya/Hatay, Türkiye","{'location': {'lat': 36.235441, 'lng': 36.169405}, 'viewport': {'northeast': {'lat': 36.23671522989272, 'lng': 36.17069667989272}, 'southwest': {'lat': 36.23401557010728, 'lng': 36.16799702010728}}}",https://maps.gstatic.com/mapfiles/place_api/icons/v1/png_71/hospital-71.png,#F88181,https://maps.gstatic.com/mapfiles/place_api/icons/v2/hospital-H_pinlet,Hastane Province,{'open_now': True},"[{'height': 3264, 'html_attributions': ['<a href=""https://maps.google.com/maps/contrib/100678245325761140974"">Kenan Yılmazlar</a>'], 'photo_reference': 'AfLeUgOwehrCr7xkc4RsTwzG6M0DfLoBkKQ5ClaDX1lwHwqldrNa-uTa47X8tkgzxFsukuAQERx0_R2gUdCqeSYZBBdMnwZA-LhVrrDbeyAzsQZRHwOBUCuDFkne3CoLZ8nHMkSbAdChWGR979z-m_OOyIT1uemitnLiT4LsdZVkFFPkytXo', 'width': 1836}]",ChIJDc4ZwAbCJRUR8xEJw-ux8rA,"{'compound_code': '65P9+5Q Antakya, Hatay', 'global_code': '8G8R65P9+5Q'}",0.0,ChIJDc4ZwAbCJRUR8xEJw-ux8rA,"['hospital', 'health', 'point_of_interest', 'establishment']",0
OPERATIONAL,"Odabaşı, Eski SSK Hastanesi yanı, SSK Cd., 31180 Antakya/Hatay, Türkiye","{'location': {'lat': 36.2437345, 'lng': 36.1580013}, 'viewport': {'northeast': {'lat': 36.24510067989273, 'lng': 36.15931807989272}, 'southwest': {'lat': 36.24240102010728, 'lng': 36.15661842010727}}}",https://maps.gstatic.com/mapfiles/place_api/icons/v1/png_71/hospital-71.png,#F88181,https://maps.gstatic.com/mapfiles/place_api/icons/v2/hospital-H_pinlet,Radyasyon Onkolojisi Radyoterapi Ünitesi - Hatay Eğitim Ve Araştırma Hastanesi,{'open_now': False},"[{'height': 3000, 'html_attributions': ['<a href=""https://maps.google.com/maps/contrib/106857621332934869549"">A Google User</a>'], 'photo_reference': 'AfLeUgOc8gHzyIX6JCZPupdukyk_ELRafU4V4p_V5VTKso6mQzY6BuIs62TBX91ViaeSTFtuIJNlKJj2VczA7Cw9KcZww533NVxj4NC6mIXj0qUCLugFEcKTdA4EExdRMNn_AtKAGIRo9NBXz0BMBQAkWjXg6vUtR97JquydSyFd6iP_ArFi', 'width': 4000}]",ChIJ_3kjTXLpJRURW4_yuEPuuy0,"{'compound_code': '65V5+F6 Antakya, Hatay', 'global_code': '8G8R65V5+F6'}",0.0,ChIJ_3kjTXLpJRURW4_yuEPuuy0,"['hospital', 'health', 'point_of_interest', 'establishment']",0
OPERATIONAL,"Akevler, 3. Akevler Sk. No:3, 31030 Antakya/Hatay, Türkiye","{'location': {'lat': 36.2102459, 'lng': 36.1576846}, 'viewport': {'northeast': {'lat': 36.21162892989272, 'lng': 36.15903287989272}, 'southwest': {'lat': 36.20892927010727, 'lng': 36.15633322010728}}}",https://maps.gstatic.com/mapfiles/place_api/icons/v1/png_71/hospital-71.png,#F88181,https://maps.gstatic.com/mapfiles/place_api/icons/v2/hospital-H_pinlet,Verem Savaş Dispanseri,,"[{'height': 837, 'html_attributions': ['<a href=""https://maps.google.com/maps/contrib/114078568072438407207"">Hamuş Işk</a>'], 'photo_reference': 'AfLeUgO9Lq4nNs-GICTZLQrC3PlHbkg5t8epi5NCrctLBK3msK4ZSTbAwXlTLdqPTGZPAJR0L-iiavmVh6PDkcFnJi2JKPrFeTGE26bFC2kNvHB8cWxevaIg4NslS3sv7GqahUMs4CWEFfGvZBbGU-uymK_OY80KrJej0cYuOh2kXNbriVR3', 'width': 628}]",ChIJWT8akDbCJRURPSUCsloVSS8,"{'compound_code': '6565+33 Antakya, Hatay', 'global_code': '8G8R6565+33'}",4.0,ChIJWT8akDbCJRURPSUCsloVSS8,"['hospital', 'health', 'point_of_interest', 'establishment']",7
OPERATIONAL,"Kuyulu, 31070 Hatay Merkez/Hatay, Türkiye","{'location': {'lat': 36.197319, 'lng': 36.1662599}, 'viewport': {'northeast': {'lat': 36.19872817989273, 'lng': 36.16762577989272}, 'southwest': {'lat': 36.19602852010728, 'lng': 36.16492612010727}}}",https://maps.gstatic.com/mapfiles/place_api/icons/v1/png_71/hospital-71.png,#F88181,https://maps.gstatic.com/mapfiles/place_api/icons/v2/hospital-H_pinlet,2 Nolu So,,,ChIJ84BXHNLDJRURgchayDutpVI,"{'compound_code': '55W8+WG Antakya, Hatay', 'global_code': '8G8R55W8+WG'}",0.0,ChIJ84BXHNLDJRURgchayDutpVI,"['hospital', 'health', 'point_of_interest', 'establishment']",0
