business_status,formatted_address,geometry,icon,icon_background_color,icon_mask_base_uri,name,place_id,plus_code,rating,reference,types,user_ratings_total,opening_hours,photos
OPERATIONAL,"İmamağa, Haydar Efendi Cad. No:182, 02200 Adıyaman Merkez/Adıyaman, Türkiye","{'location': {'lat': 37.7693293, 'lng': 38.2769545}, 'viewport': {'northeast': {'lat': 37.77070972989272, 'lng': 38.27830462989272}, 'southwest': {'lat': 37.76801007010727, 'lng': 38.27560497010727}}}",https://maps.gstatic.com/mapfiles/place_api/icons/v1/png_71/pharmacy-71.png,#F88181,https://maps.gstatic.com/mapfiles/place_api/icons/v2/pharmacy_pinlet,Cerrahpasa Pharmacy,ChIJk3_ssoETMxURPMJHKD6COzA,"{'compound_code': 'Q79G+PQ Adıyaman Merkez, Adıyaman', 'global_code': '8G9WQ79G+PQ'}",0.0,ChIJk3_ssoETMxURPMJHKD6COzA,"['pharmacy', 'health', 'point_of_interest', 'store', 'establishment']",0,,
OPERATIONAL,"Ulucami, Kale Cd. No:18, 02030 Adıyaman Merkez/Adıyaman, Türkiye","{'location': {'lat': 37.7592542, 'lng': 38.27324979999999}, 'viewport': {'northeast': {'lat': 37.76062517989272, 'lng': 38.27459002989272}, 'southwest': {'lat': 37.75792552010728, 'lng': 38.27189037010728}}}",https://maps.gstatic.com/mapfiles/place_api/icons/v1/png_71/pharmacy-71.png,#F88181,https://maps.gstatic.com/mapfiles/place_api/icons/v2/pharmacy_pinlet,Doz Pharmacy,ChIJRQwGZHoTMxURnYtyIgZa87I,"{'compound_code': 'Q75F+P7 Adıyaman Merkez, Adıyaman', 'global_code': '8G9WQ75F+P7'}",0.0,ChIJRQwGZHoTMxURnYtyIgZa87I,"['pharmacy', 'health', 'point_of_interest', 'store', 'establishment']",0,,
OPERATIONAL,"Yavuz Selim, 30 Ağustos Cd. No:24, 02200 Adıyaman Merkez/Adıyaman, Türkiye","{'location': {'lat': 37.7653458, 'lng': 38.2720477}, 'viewport': {'northeast': {'lat': 37.76667447989271, 'lng': 38.27334117989272}, 'southwest': {'lat': 37.76397482010727, 'lng': 38.27064152010728}}}",https://maps.gstatic.com/mapfiles/place_api/icons/v1/png_71/pharmacy-71.png,#F88181,https://maps.gstatic.com/mapfiles/place_api/icons/v2/pharmacy_pinlet,Lokman Eczanesi,ChIJVUEwTIITMxURZv5lFTFqS6o,"{'compound_code': 'Q78C+4R Adıyaman Merkez, Adıyaman', 'global_code': '8G9WQ78C+4R'}",0.0,ChIJVUEwTIITMxURZv5lFTFqS6o,"['pharmacy', 'health', 'point_of_interest', 'store', 'establishment']",0,,
OPERATIONAL,"İmamağa, 30 Ağustos Cad. 178/A, 02200 Adıyaman Merkez/Adıyaman, Türkiye","{'location': {'lat': 37.7750957, 'lng': 38.26808949999999}, 'viewport': {'northeast': {'lat': 37.77644287989273, 'lng': 38.26942657989272}, 'southwest': {'lat': 37.77374322010728, 'lng': 38.26672692010728}}}",https://maps.gstatic.com/mapfiles/place_api/icons/v1/png_71/pharmacy-71.png,#F88181,https://maps.gstatic.com/mapfiles/place_api/icons/v2/pharmacy_pinlet,Yalcin Pharmacy,ChIJ-7JbInkUMxURmXDMgJh2c3Y,"{'compound_code': 'Q7G9+26 Adıyaman Merkez, Adıyaman', 'global_code': '8G9WQ7G9+26'}",0.0,ChIJ-7JbInkUMxURmXDMgJh2c3Y,"['pharmacy', 'health', 'point_of_interest', 'store', 'establishment']",0,{'open_now': False},
OPERATIONAL,"Turgut Reis, sgk karşısı, Atatürk Bv, 02200 Adıyaman Merkez/Adıyaman, Türkiye","{'location': {'lat': 37.762765, 'lng': 38.272002}, 'viewport': {'northeast': {'lat': 37.76411482989273, 'lng': 38.27335182989273}, 'southwest': {'lat': 37.76141517010728, 'lng': 38.27065217010728}}}",https://maps.gstatic.com/mapfiles/place_api/icons/v1/png_71/pharmacy-71.png,#F88181,https://maps.gstatic.com/mapfiles/place_api/icons/v2/pharmacy_pinlet,Yenigün Eczanesi,ChIJidc3Ys8TMxURAogVePpkFlU,"{'compound_code': 'Q77C+4R Adıyaman Merkez, Adıyaman', 'global_code': '8G9WQ77C+4R'}",3.0,ChIJidc3Ys8TMxURAogVePpkFlU,"['pharmacy', 'health', 'point_of_interest', 'store', 'establishment']",4,,
OPERATIONAL,"Yavuz Selim, 606. Sk. 5a, 02040 Adıyaman Merkez/Adıyaman, Türkiye","{'location': {'lat': 37.7668463, 'lng': 38.2707313}, 'viewport': {'northeast': {'lat': 37.76818097989273, 'lng': 38.27204977989273}, 'southwest': {'lat': 37.76548132010728, 'lng': 38.26935012010728}}}",https://maps.gstatic.com/mapfiles/place_api/icons/v1/png_71/pharmacy-71.png,#F88181,https://maps.gstatic.com/mapfiles/place_api/icons/v2/pharmacy_pinlet,Cihan Pharmacy,ChIJwd7U3IMTMxURvINQqufQvV8,"{'compound_code': 'Q78C+P7 Adıyaman Merkez, Adıyaman', 'global_code': '8G9WQ78C+P7'}",3.0,ChIJwd7U3IMTMxURvINQqufQvV8,"['pharmacy', 'health', 'point_of_interest', 'store', 'establishment']",1,{'open_now': False},"[{'height': 333, 'html_attributions': ['<a href=""https://maps.google.com/maps/contrib/113168511190726422423"">Ahmet KANDIRMAZ</a>'], 'photo_reference': 'AfLeUgO2R_-TcRrs1O1-Re-SMO0zcV9byBg2kVt39XnobDW9K3b1TSSrxciCoJsDHIpqd_yI8tw0lpwgk2HlUIATEjrESYHcOQQ4CA3nGTuBcq0sXwZAhWezxip9vm1j4KunN5Y71SWpMr52HZefJAmyj5UeIWz3YCcIhLIkpk7PdLNxJWxU', 'width': 523}]"
OPERATIONAL,"Yavuz Selim, Hastane Cd. No:18/C, 02200 Adıyaman Merkez/Adıyaman, Türkiye","{'location': {'lat': 37.7647923, 'lng': 38.2724061}, 'viewport': {'northeast': {'lat': 37.76611832989272, 'lng': 38.27366027989272}, 'southwest': {'lat': 37.76341867010728, 'lng': 38.27096062010727}}}",https://maps.gstatic.com/mapfiles/place_api/icons/v1/png_71/pharmacy-71.png,#F88181,https://maps.gstatic.com/mapfiles/place_api/icons/v2/pharmacy_pinlet,Perihan Eczanesi,ChIJkcWvUIITMxUR5AXotjERrwM,"{'compound_code': 'Q77C+WX Adıyaman Merkez, Adıyaman', 'global_code': '8G9WQ77C+WX'}",0.0,ChIJkcWvUIITMxUR5AXotjERrwM,"['pharmacy', 'health', 'point_of_interest', 'store', 'establishment']",0,,
OPERATIONAL,"Yavuz Selim, Fevzi Çakmak Cd. No:81, 02040 Adıyaman Merkez/Adıyaman, Türkiye","{'location': {'lat': 37.7643101, 'lng': 38.272209}, 'viewport': {'northeast': {'lat': 37.76566937989271, 'lng': 38.27360142989272}, 'southwest': {'lat': 37.76296972010727, 'lng': 38.27090177010728}}}",https://maps.gstatic.com/mapfiles/place_api/icons/v1/png_71/pharmacy-71.png,#F88181,https://maps.gstatic.com/mapfiles/place_api/icons/v2/pharmacy_pinlet,Irem Pharmacy,ChIJsfjM7oITMxUR9Zg8Wwckivo,"{'compound_code': 'Q77C+PV Adıyaman Merkez, Adıyaman', 'global_code': '8G9WQ77C+PV'}",2.0,ChIJsfjM7oITMxUR9Zg8Wwckivo,"['pharmacy', 'health', 'point_of_interest', 'store', 'establishment']",1,,
OPERATIONAL,"Kapcami, Harıkçı Cd Pk:02100, 02100 Adıyaman Merkez/Adıyaman, Türkiye","{'location': {'lat': 37.7602059, 'lng': 38.2795607}, 'viewport': {'northeast': {'lat': 37.76156957989272, 'lng': 38.28092247989272}, 'southwest': {'lat': 37.75886992010728, 'lng': 38.27822282010727}}}",https://maps.gstatic.com/mapfiles/place_api/icons/v1/png_71/pharmacy-71.png,#F88181,https://maps.gstatic.com/mapfiles/place_api/icons/v2/pharmacy_pinlet,Yenigun Pharmacy,ChIJQVFo9nkTMxURXuGd-ZpconU,"{'compound_code': 'Q76H+3R Adıyaman Merkez, Adıyaman', 'global_code': '8G9WQ76H+3R'}",5.0,ChIJQVFo9nkTMxURXuGd-ZpconU,"['pharmacy', 'health', 'point_of_interest', 'store', 'establishment']",1,{'open_now': False},
OPERATIONAL,"Yenisanayi, 1302. Sok. No:2, 02030 Adıyaman Merkez/Adıyaman, Türkiye","{'location': {'lat': 37.7574046, 'lng': 38.2742815}, 'viewport': {'northeast': {'lat': 37.75874522989272, 'lng': 38.27563417989272}, 'southwest': {'lat': 37.75604557010728, 'lng': 38.27293452010728}}}",https://maps.gstatic.com/mapfiles/place_api/icons/v1/png_71/pharmacy-71.png,#F88181,https://maps.gstatic.com/mapfiles/place_api/icons/v2/pharmacy_pinlet,Kuzey Pharmacy,ChIJx_SmJXYTMxUR2aePLCMKFMY,"{'compound_code': 'Q74F+XP Adıyaman Merkez, Adıyaman', 'global_code': '8G9WQ74F+XP'}",0.0,ChIJx_SmJXYTMxUR2aePLCMKFMY,"['pharmacy', 'health', 'point_of_interest', 'store', 'establishment']",0,,
OPERATIONAL,"Yavuz Selim, 618. Sk. No:2, 02040 Adıyaman Merkez/Adıyaman, Türkiye","{'location': {'lat': 37.7674865, 'lng': 38.2700231}, 'viewport': {'northeast': {'lat': 37.76878632989272, 'lng': 38.27138617989274}, 'southwest': {'lat': 37.76608667010727, 'lng': 38.26868652010729}}}",https://maps.gstatic.com/mapfiles/place_api/icons/v1/png_71/pharmacy-71.png,#F88181,https://maps.gstatic.com/mapfiles/place_api/icons/v2/pharmacy_pinlet,Lokman Pharmacy,ChIJfy8iX4ETMxURrHliFr1Y5_c,"{'compound_code': 'Q79C+22 Adıyaman Merkez, Adıyaman', 'global_code': '8G9WQ79C+22'}",4.0,ChIJfy8iX4ETMxURrHliFr1Y5_c,"['pharmacy', 'health', 'point_of_interest', 'store', 'establishment']",5,{'open_now': False},
OPERATIONAL,"Sümerevler, Bozbey Yolu/2001 Sok. No:2 D:2, 02200 Adıyaman Merkez/Adıyaman, Türkiye","{'location': {'lat': 37.7635466, 'lng': 38.290033}, 'viewport': {'northeast': {'lat': 37.76490672989272, 'lng': 38.29141637989272}, 'southwest': {'lat': 37.76220707010727, 'lng': 38.28871672010727}}}",https://maps.gstatic.com/mapfiles/place_api/icons/v1/png_71/pharmacy-71.png,#F88181,https://maps.gstatic.com/mapfiles/place_api/icons/v2/pharmacy_pinlet,Gulgun Pharmacy,ChIJc5ykH2ITMxURpZGp43drwVA,"{'compound_code': 'Q77R+C2 Adıyaman Merkez, Adıyaman', 'global_code': '8G9WQ77R+C2'}",5.0,ChIJc5ykH2ITMxURpZGp43drwVA,"['pharmacy', 'health', 'point_of_interest', 'store', 'establishment']",1,,
OPERATIONAL,"Bahçelievler Mh, 904. Sk. Pk:02100, 02290 Adıyaman Merkez/Adıyaman, Türkiye","{'location': {'lat': 37.76116650000001, 'lng': 38.2828984}, 'viewport': {'northeast': {'lat': 37.76250687989273, 'lng': 38.28422242989271}, 'southwest': {'lat': 37.75980722010728, 'lng': 38.28152277010727}}}",https://maps.gstatic.com/mapfiles/place_api/icons/v1/png_71/pharmacy-71.png,#F88181,https://maps.gstatic.com/mapfiles/place_api/icons/v2/pharmacy_pinlet,Hekim Pharmacy,ChIJx9rBD3sTMxURE_qkuXfdsXs,"{'compound_code': 'Q76M+F5 Adıyaman Merkez, Adıyaman', 'global_code': '8G9WQ76M+F5'}",4.8,ChIJx9rBD3sTMxURE_qkuXfdsXs,"['pharmacy', 'health', 'point_of_interest', 'store', 'establishment']",4,{'open_now': False},
OPERATIONAL,"Turgut Reis, Atatürk Blv. Yanyolu, 02200 Adıyaman Merkez/Adıyaman, Türkiye","{'location': {'lat': 37.7634733, 'lng': 38.2731859}, 'viewport': {'northeast': {'lat': 37.76476637989273, 'lng': 38.27455882989273}, 'southwest': {'lat': 37.76206672010728, 'lng': 38.27185917010728}}}",https://maps.gstatic.com/mapfiles/place_api/icons/v1/png_71/pharmacy-71.png,#F88181,https://maps.gstatic.com/mapfiles/place_api/icons/v2/pharmacy_pinlet,Yenigün Eczanesi,ChIJQbGgk4ITMxURhOf7mAtqtT0,"{'compound_code': 'Q77F+97 Adıyaman Merkez, Adıyaman', 'global_code': '8G9WQ77F+97'}",4.3,ChIJQbGgk4ITMxURhOf7mAtqtT0,"['pharmacy', 'health', 'point_of_interest', 'store', 'establishment']",4,{'open_now': False},"[{'height': 2448, 'html_attributions': ['<a href=""https://maps.google.com/maps/contrib/106390004610012434801"">ali bal</a>'], 'photo_reference': 'AfLeUgPenis7AzkH3XvAq597_HGQj-WFElebh6LemTK2GixA_CzEJEwgkOrhC4HduV62nJoYDZqA0d7Q5G5WKSj62Vxj4HC016uvf4FvqjlhGh7NWGPcHMTovFLNbJCSPbxCAdRCPI5dEH32zbDNeLhoQDNU-TxbgOw8uE8GRMjE0U33jZ7L', 'width': 3264}]"
OPERATIONAL,"Yeni Sanayi, 567 Sok. Zümrüt Apt. 65/E, 02040 Adıyaman Merkez/Adıyaman, Türkiye","{'location': {'lat': 37.755917, 'lng': 38.251453}, 'viewport': {'northeast': {'lat': 37.75725932989272, 'lng': 38.25278332989272}, 'southwest': {'lat': 37.75455967010727, 'lng': 38.25008367010728}}}",https://maps.gstatic.com/mapfiles/place_api/icons/v1/png_71/pharmacy-71.png,#F88181,https://maps.gstatic.com/mapfiles/place_api/icons/v2/pharmacy_pinlet,Sehir Pharmacy,ChIJ-a7-IscTMxURv0rW2iv-AHo,"{'compound_code': 'Q742+9H Adıyaman Merkez, Adıyaman', 'global_code': '8G9WQ742+9H'}",5.0,ChIJ-a7-IscTMxURv0rW2iv-AHo,"['pharmacy', 'health', 'point_of_interest', 'store', 'establishment']",1,,
OPERATIONAL,"Barbaros Hayrettin, 1626. Sk. No:2, 02040 Adıyaman Merkez/Adıyaman, Türkiye","{'location': {'lat': 37.7559927, 'lng': 38.2514668}, 'viewport': {'northeast': {'lat': 37.75734462989272, 'lng': 38.25281932989272}, 'southwest': {'lat': 37.75464497010728, 'lng': 38.25011967010728}}}",https://maps.gstatic.com/mapfiles/place_api/icons/v1/png_71/pharmacy-71.png,#F88181,https://maps.gstatic.com/mapfiles/place_api/icons/v2/pharmacy_pinlet,Kadıoğlu Eczanesi,ChIJG8BsNscTMxURDUvc4xvwvV8,"{'compound_code': 'Q742+CH Adıyaman Merkez, Adıyaman', 'global_code': '8G9WQ742+CH'}",3.0,ChIJG8BsNscTMxURDUvc4xvwvV8,"['pharmacy', 'health', 'point_of_interest', 'store', 'establishment']",1,,
OPERATIONAL,"Ulucami, Atatürk Bulv. No:24, 02030 Adıyaman Merkez/Adıyaman, Türkiye","{'location': {'lat': 37.7598327, 'lng': 38.2775445}, 'viewport': {'northeast': {'lat': 37.76117577989272, 'lng': 38.27887952989272}, 'southwest': {'lat': 37.75847612010728, 'lng': 38.27617987010727}}}",https://maps.gstatic.com/mapfiles/place_api/icons/v1/png_71/pharmacy-71.png,#F88181,https://maps.gstatic.com/mapfiles/place_api/icons/v2/pharmacy_pinlet,Lokman Pharmacy,ChIJJUcPe3cTMxURTVc9sY7xYg0,"{'compound_code': 'Q75H+W2 Adıyaman Merkez, Adıyaman', 'global_code': '8G9WQ75H+W2'}",0.0,ChIJJUcPe3cTMxURTVc9sY7xYg0,"['pharmacy', 'health', 'point_of_interest', 'store', 'establishment']",0,,
OPERATIONAL,"Turgut Reis, 153. Sk. NO:1, 02200 Adıyaman Merkez/Adıyaman, Türkiye","{'location': {'lat': 37.7676947, 'lng': 38.2731667}, 'viewport': {'northeast': {'lat': 37.76908072989272, 'lng': 38.27450332989273}, 'southwest': {'lat': 37.76638107010728, 'lng': 38.27180367010728}}}",https://maps.gstatic.com/mapfiles/place_api/icons/v1/png_71/pharmacy-71.png,#F88181,https://maps.gstatic.com/mapfiles/place_api/icons/v2/pharmacy_pinlet,Betül Eczanesi,ChIJGZKOwIETMxUR1yob4oQ8spg,"{'compound_code': 'Q79F+37 Adıyaman Merkez, Adıyaman', 'global_code': '8G9WQ79F+37'}",0.0,ChIJGZKOwIETMxUR1yob4oQ8spg,"['pharmacy', 'health', 'point_of_interest', 'store', 'establishment']",0,,
OPERATIONAL,"Turgut Reis, 30 Ağustos Cd. 153. SOKAK, 02100 MERKEZ/Adıyaman, Türkiye","{'location': {'lat': 37.7669623, 'lng': 38.2709768}, 'viewport': {'northeast': {'lat': 37.76828047989272, 'lng': 38.27225982989273}, 'southwest': {'lat': 37.76558082010727, 'lng': 38.26956017010728}}}",https://maps.gstatic.com/mapfiles/place_api/icons/v1/png_71/pharmacy-71.png,#F88181,https://maps.gstatic.com/mapfiles/place_api/icons/v2/pharmacy_pinlet,Derman Pharmacy,ChIJTdyf3nkTMxURkmoi4kG5qUA,"{'compound_code': 'Q78C+Q9 Adıyaman Merkez, Adıyaman', 'global_code': '8G9WQ78C+Q9'}",4.5,ChIJTdyf3nkTMxURkmoi4kG5qUA,"['pharmacy', 'health', 'point_of_interest', 'store', 'establishment']",2,{'open_now': False},"[{'height': 2448, 'html_attributions': ['<a href=""https://maps.google.com/maps/contrib/106390004610012434801"">ali bal</a>'], 'photo_reference': 'AfLeUgO4hFtfgXGadB7yyIvnDNbTVyH3u5s1zv7R26L7EsoZMQ4oPvZDPkrXDeOuAP6V0cbrclhFGX35TzkUqwuZ_tqediTamikNHNFISxC1816aHrq50D1-ypU_0z7lUw51f_K_-tsKXKa_23KFfQt9Vk3juYpU5kn0uJkOYlOsVzmeVgJw', 'width': 3264}]"
OPERATIONAL,"Sümerevler, 1734. Sk. No:7, 02030 Adıyaman Merkez/Adıyaman, Türkiye","{'location': {'lat': 37.7544578, 'lng': 38.2588386}, 'viewport': {'northeast': {'lat': 37.75580992989272, 'lng': 38.26020007989273}, 'southwest': {'lat': 37.75311027010728, 'lng': 38.25750042010728}}}",https://maps.gstatic.com/mapfiles/place_api/icons/v1/png_71/pharmacy-71.png,#F88181,https://maps.gstatic.com/mapfiles/place_api/icons/v2/pharmacy_pinlet,Başkent Eczanesi,ChIJk0pyHLwTMxUR0sAd6bAbdrc,"{'compound_code': 'Q735+QH Adıyaman Merkez, Adıyaman', 'global_code': '8G9WQ735+QH'}",4.2,ChIJk0pyHLwTMxUR0sAd6bAbdrc,"['pharmacy', 'health', 'point_of_interest', 'store', 'establishment']",5,{'open_now': False},"[{'height': 2096, 'html_attributions': ['<a href=""https://maps.google.com/maps/contrib/104183343088858168484"">A Google User</a>'], 'photo_reference': 'AfLeUgMGlyNBTYeAetwJcXkhwsXruKxocM2v9Fr_YYQGSm6Jgbcj_ckAcww9x5siZqP0qLwYSTQprSXKUlLkvHYed7PkHkj1acO9Qw5EJQyX5C8FKzklr-safJyr_8b873iq9qs09rPcGSuuxI-Tw8PdGH46RUt97pko4B2hGXhKvsrAymke', 'width': 3724}]"
