business_status,formatted_address,geometry,icon,icon_background_color,icon_mask_base_uri,name,opening_hours,place_id,plus_code,rating,reference,types,user_ratings_total,photos
OPERATIONAL,"Mevlana Halit, Emek Cad. No:95, 21080 Bağlar/Diyarbakır, Türkiye","{'location': {'lat': 37.92698, 'lng': 40.199767}, 'viewport': {'northeast': {'lat': 37.92831267989272, 'lng': 40.20111042989272}, 'southwest': {'lat': 37.92561302010728, 'lng': 40.19841077010727}}}",https://maps.gstatic.com/mapfiles/place_api/icons/v1/png_71/pharmacy-71.png,#F88181,https://maps.gstatic.com/mapfiles/place_api/icons/v2/pharmacy_pinlet,Huzur Pharmacy,{'open_now': False},ChIJsTJ7T5cfdUAR0FRC4MQSH9U,"{'compound_code': 'W5GX+QW Bağlar, Diyarbakır', 'global_code': '8H92W5GX+QW'}",5.0,ChIJsTJ7T5cfdUAR0FRC4MQSH9U,"['pharmacy', 'store', 'point_of_interest', 'health', 'establishment']",1,
OPERATIONAL,"Yenişehir, Dr. Yusuf Azizoğlu Cad. Medicel Center No:39, 21300 Yenişehir/Diyarbakır, Türkiye","{'location': {'lat': 37.9118762, 'lng': 40.2301558}, 'viewport': {'northeast': {'lat': 37.91324282989272, 'lng': 40.23150502989272}, 'southwest': {'lat': 37.91054317010727, 'lng': 40.22880537010728}}}",https://maps.gstatic.com/mapfiles/place_api/icons/v1/png_71/pharmacy-71.png,#F88181,https://maps.gstatic.com/mapfiles/place_api/icons/v2/pharmacy_pinlet,Buket Pharmacy,,ChIJPwE9EjcgdUARebEsfgp7dus,"{'compound_code': 'W66J+Q3 Yenişehir, Diyarbakır', 'global_code': '8H92W66J+Q3'}",1.0,ChIJPwE9EjcgdUARebEsfgp7dus,"['pharmacy', 'store', 'point_of_interest', 'health', 'establishment']",1,
OPERATIONAL,"İskenderpaşa, Aziz Mahmutoğulları Cad. Can Apt. No:4, 21300 Diyarbakır Merkez/Diyarbakır, Türkiye","{'location': {'lat': 37.9144099, 'lng': 40.230629}, 'viewport': {'northeast': {'lat': 37.91570947989273, 'lng': 40.23200122989273}, 'southwest': {'lat': 37.91300982010728, 'lng': 40.22930157010728}}}",https://maps.gstatic.com/mapfiles/place_api/icons/v1/png_71/pharmacy-71.png,#F88181,https://maps.gstatic.com/mapfiles/place_api/icons/v2/pharmacy_pinlet,Yenicag Pharmacy,,ChIJISlvXzkgdUARb2mkoULfndA,,5.0,ChIJISlvXzkgdUARb2mkoULfndA,"['pharmacy', 'store', 'point_of_interest', 'health', 'establishment']",1,
OPERATIONAL,"Kaynartepe, 3. Sk. No:13, 21090 Bağlar/Diyarbakır, Türkiye","{'location': {'lat': 37.9212314, 'lng': 40.21513830000001}, 'viewport': {'northeast': {'lat': 37.92258512989272, 'lng': 40.21648132989272}, 'southwest': {'lat': 37.91988547010728, 'lng': 40.21378167010728}}}",https://maps.gstatic.com/mapfiles/place_api/icons/v1/png_71/pharmacy-71.png,#F88181,https://maps.gstatic.com/mapfiles/place_api/icons/v2/pharmacy_pinlet,Eroglu Pharmacy,,ChIJsxTgQIgfdUARFQhebjA5AYc,"{'compound_code': 'W6C8+G2 Bağlar, Diyarbakır', 'global_code': '8H92W6C8+G2'}",0.0,ChIJsxTgQIgfdUARFQhebjA5AYc,"['pharmacy', 'store', 'point_of_interest', 'health', 'establishment']",0,
OPERATIONAL,"Muradiye, 186. Sk., 21090 Bağlar/Diyarbakır, Türkiye","{'location': {'lat': 37.9171188, 'lng': 40.2120754}, 'viewport': {'northeast': {'lat': 37.91846022989272, 'lng': 40.21342147989272}, 'southwest': {'lat': 37.91576057010728, 'lng': 40.21072182010727}}}",https://maps.gstatic.com/mapfiles/place_api/icons/v1/png_71/pharmacy-71.png,#F88181,https://maps.gstatic.com/mapfiles/place_api/icons/v2/pharmacy_pinlet,Şehir Eczanesi,,ChIJ-67Y8SkgdUAR8Oa2wXnBRik,"{'compound_code': 'W686+VR Bağlar, Diyarbakır', 'global_code': '8H92W686+VR'}",0.0,ChIJ-67Y8SkgdUAR8Oa2wXnBRik,"['pharmacy', 'store', 'point_of_interest', 'health', 'establishment']",0,
OPERATIONAL,"5 Nisan, Girne Cd. no:80/b, 21090 Bağlar/Diyarbakır, Türkiye","{'location': {'lat': 37.9175919, 'lng': 40.2025509}, 'viewport': {'northeast': {'lat': 37.91897442989271, 'lng': 40.20386902989273}, 'southwest': {'lat': 37.91627477010726, 'lng': 40.20116937010729}}}",https://maps.gstatic.com/mapfiles/place_api/icons/v1/png_71/pharmacy-71.png,#F88181,https://maps.gstatic.com/mapfiles/place_api/icons/v2/pharmacy_pinlet,asya eczanesi,{'open_now': False},ChIJpeEHss8fdUARzzMiK0Psh_E,"{'compound_code': 'W693+22 Bağlar, Diyarbakır', 'global_code': '8H92W693+22'}",5.0,ChIJpeEHss8fdUARzzMiK0Psh_E,"['pharmacy', 'store', 'point_of_interest', 'health', 'establishment']",1,"[{'height': 1200, 'html_attributions': ['<a href=""https://maps.google.com/maps/contrib/116646825496121413386"">asya eczanesi</a>'], 'photo_reference': 'AfLeUgNiBo9mWdd637hrwNSfVO8_bwR2cXhvKQF5kbrWCX5EtF3yuLvdO9wQQp2M0TqnjLOXd0l_3kwuUrmIr_fAv2yEIRTbi9P5ZgmvEUjamj8yzcxt8Pc84z1cB3QtmzSmn7XP_Mno_uOk8_cSpB7ojmlpoWjbcTnnaYOAQCncpac41tPF', 'width': 1600}]"
OPERATIONAL,"Şanlıurfa Yolu 5. Km. Yeni Hal Kavşağı Ceylan Karavil Park Alışveriş Merkezi K:Zemin, Ceylan Karavil Park Alışveriş Merkezi Zemin Katında, Yenişehir, Diyarbakır, Türkiye","{'location': {'lat': 37.9144099, 'lng': 40.230629}, 'viewport': {'northeast': {'lat': 37.91570947989273, 'lng': 40.23200122989273}, 'southwest': {'lat': 37.91300982010728, 'lng': 40.22930157010728}}}",https://maps.gstatic.com/mapfiles/place_api/icons/v1/png_71/pharmacy-71.png,#F88181,https://maps.gstatic.com/mapfiles/place_api/icons/v2/pharmacy_pinlet,Ceylan Karavil Pharmacy,,ChIJtzWKEzogdUARvJoMiurW8k8,,4.0,ChIJtzWKEzogdUARvJoMiurW8k8,"['pharmacy', 'store', 'point_of_interest', 'health', 'establishment']",4,
OPERATIONAL,"5 Nisan, A101 yanı, Öğretmenler Cd., 21080 Bağlar/Diyarbakır, Türkiye","{'location': {'lat': 37.9237656, 'lng': 40.2064202}, 'viewport': {'northeast': {'lat': 37.92511017989273, 'lng': 40.20779527989272}, 'southwest': {'lat': 37.92241052010728, 'lng': 40.20509562010727}}}",https://maps.gstatic.com/mapfiles/place_api/icons/v1/png_71/pharmacy-71.png,#F88181,https://maps.gstatic.com/mapfiles/place_api/icons/v2/pharmacy_pinlet,Dicle eczanesi,{'open_now': False},ChIJNXUFFo8fdUAR-ymyA2ZwUFg,"{'compound_code': 'W6F4+GH Bağlar, Diyarbakır', 'global_code': '8H92W6F4+GH'}",3.3,ChIJNXUFFo8fdUAR-ymyA2ZwUFg,"['pharmacy', 'store', 'point_of_interest', 'health', 'establishment']",7,"[{'height': 3024, 'html_attributions': ['<a href=""https://maps.google.com/maps/contrib/109018346091731188866"">Tuncay Yıldızöz</a>'], 'photo_reference': 'AfLeUgOgyzsPVaAkIgm89-OH6RsnMTznOZocbuLAvvQDDfhRf_f91PAmuiKCUfbyMe3JpI5qnx1oYb-li8s5n8Ez2zmFD_vZxJUAuw81Cy-GEY2Xz9Qu5PM5kggkLtyB8XIVKai1HHhhQQM5hLAfLHL9GkUKQqT9r8URoZICZuVyZadl1QqB', 'width': 4032}]"
OPERATIONAL,"Melikahmet, Melik Ahmet Cad./barış Sok. 11/A, 21300 Diyarbakır Merkez/Diyarbakır, Türkiye","{'location': {'lat': 37.911152, 'lng': 40.230903}, 'viewport': {'northeast': {'lat': 37.91250272989272, 'lng': 40.23224767989272}, 'southwest': {'lat': 37.90980307010728, 'lng': 40.22954802010728}}}",https://maps.gstatic.com/mapfiles/place_api/icons/v1/png_71/pharmacy-71.png,#F88181,https://maps.gstatic.com/mapfiles/place_api/icons/v2/pharmacy_pinlet,Aydin Pharmacy,,ChIJkYgp_jYgdUARtYi4TG0jvWE,"{'compound_code': 'W66J+F9 Sur, Diyarbakır', 'global_code': '8H92W66J+F9'}",0.0,ChIJkYgp_jYgdUARtYi4TG0jvWE,"['pharmacy', 'store', 'point_of_interest', 'health', 'establishment']",0,
OPERATIONAL,"Yunus Emre, Gürsel Cd. No:131, 21090 Bağlar/Diyarbakır, Türkiye","{'location': {'lat': 37.9170167, 'lng': 40.206031}, 'viewport': {'northeast': {'lat': 37.91839417989272, 'lng': 40.20738282989272}, 'southwest': {'lat': 37.91569452010727, 'lng': 40.20468317010728}}}",https://maps.gstatic.com/mapfiles/place_api/icons/v1/png_71/pharmacy-71.png,#F88181,https://maps.gstatic.com/mapfiles/place_api/icons/v2/pharmacy_pinlet,Ulaş eczanesi diyarbakır,{'open_now': True},ChIJ3ZQT_oAfdUARX3uBLw_nirc,"{'compound_code': 'W684+RC Bağlar, Diyarbakır', 'global_code': '8H92W684+RC'}",3.8,ChIJ3ZQT_oAfdUARX3uBLw_nirc,"['pharmacy', 'store', 'point_of_interest', 'health', 'establishment']",5,
OPERATIONAL,"5 Nisan Nükhet Coşkun Cad. Aydın Bey Apt, D:100/A, 21080 Diyarbakır Merkez/Diyarbakır, Türkiye","{'location': {'lat': 37.91827809999999, 'lng': 40.2086234}, 'viewport': {'northeast': {'lat': 37.91961152989272, 'lng': 40.20997327989272}, 'southwest': {'lat': 37.91691187010728, 'lng': 40.20727362010728}}}",https://maps.gstatic.com/mapfiles/place_api/icons/v1/png_71/pharmacy-71.png,#F88181,https://maps.gstatic.com/mapfiles/place_api/icons/v2/pharmacy_pinlet,Ibni Sina Pharmacy,{'open_now': False},ChIJteFZ2YYfdUAR52jN-Swehz0,"{'compound_code': 'W695+8C Bağlar, Diyarbakır', 'global_code': '8H92W695+8C'}",4.5,ChIJteFZ2YYfdUAR52jN-Swehz0,"['pharmacy', 'store', 'point_of_interest', 'health', 'establishment']",15,"[{'height': 489, 'html_attributions': ['<a href=""https://maps.google.com/maps/contrib/115441886515750417214"">Abdulaziz Haşimi</a>'], 'photo_reference': 'AfLeUgNt6bZoDV8xl3Ni_xVsgO4yduwL9i6lnMngik8yjfoVpB5NsOKF9MQKNIkDCznMRUO4h06X2K0MYQu3tooBljcDC6km7vSR2HnVoIjxANcDmKitH7woepNzG4FQIuy54MSyxZt3gkvgZ6QHILu09mrnsYFJhogXDruS4BPqife1oU8x', 'width': 652}]"
OPERATIONAL,"Yenişehir Mah, Elazığ Cd. No:2/9, 21010 Yenişehir/Diyarbakır, Türkiye","{'location': {'lat': 37.9172251, 'lng': 40.2360463}, 'viewport': {'northeast': {'lat': 37.91836482989272, 'lng': 40.23720182989273}, 'southwest': {'lat': 37.91566517010728, 'lng': 40.23450217010728}}}",https://maps.gstatic.com/mapfiles/place_api/icons/v1/png_71/pharmacy-71.png,#F88181,https://maps.gstatic.com/mapfiles/place_api/icons/v2/pharmacy_pinlet,Surkent Pharmacy,,ChIJN8zDgcwhdUARJMKAuEO5qXQ,"{'compound_code': 'W68P+VC Yenişehir, Diyarbakır', 'global_code': '8H92W68P+VC'}",3.0,ChIJN8zDgcwhdUARJMKAuEO5qXQ,"['pharmacy', 'store', 'point_of_interest', 'health', 'establishment']",2,
OPERATIONAL,"Huzurevleri, Diclekent Blv. No:4 D:C BLOK, 21070 Kayapınar/Diyarbakır, Türkiye","{'location': {'lat': 37.9344143, 'lng': 40.1955633}, 'viewport': {'northeast': {'lat': 37.93564392989273, 'lng': 40.19673477989272}, 'southwest': {'lat': 37.93294427010728, 'lng': 40.19403512010727}}}",https://maps.gstatic.com/mapfiles/place_api/icons/v1/png_71/pharmacy-71.png,#F88181,https://maps.gstatic.com/mapfiles/place_api/icons/v2/pharmacy_pinlet,Ozgur Pharmacy,,ChIJubkj1rgfdUARwHjyjOm9PlM,"{'compound_code': 'W5MW+Q6 Kayapınar, Diyarbakır', 'global_code': '8H92W5MW+Q6'}",5.0,ChIJubkj1rgfdUARwHjyjOm9PlM,"['pharmacy', 'store', 'point_of_interest', 'health', 'establishment']",1,
OPERATIONAL,"Kooperatifler, Gevran Cd. No:35, 21100 Yenişehir/Diyarbakır, Türkiye","{'location': {'lat': 37.9233206, 'lng': 40.2196054}, 'viewport': {'northeast': {'lat': 37.92467267989272, 'lng': 40.22094142989272}, 'southwest': {'lat': 37.92197302010728, 'lng': 40.21824177010728}}}",https://maps.gstatic.com/mapfiles/place_api/icons/v1/png_71/pharmacy-71.png,#F88181,https://maps.gstatic.com/mapfiles/place_api/icons/v2/pharmacy_pinlet,Sevim Pharmacy,{'open_now': False},ChIJVVVVVYofdUARthiDLKgnji0,"{'compound_code': 'W6F9+8R Yenişehir, Diyarbakır', 'global_code': '8H92W6F9+8R'}",4.4,ChIJVVVVVYofdUARthiDLKgnji0,"['pharmacy', 'store', 'point_of_interest', 'health', 'establishment']",9,"[{'height': 4032, 'html_attributions': ['<a href=""https://maps.google.com/maps/contrib/110562436580637443824"">A Google User</a>'], 'photo_reference': 'AfLeUgOQUld-WF9OBiD4BQIqofYn2J4cWEUK89iHq5pioV7KDWpm9p5VY7yBCaSMyCd5i-9oe0uVNzM1tE5wRVVIFUZfdpMHMBUHp7kMJ80h5d0yxIlGUCDsOf8Y-mJl1hasMJFAvD8ua1Fj7lCJQzMaH5o7g1HoVaFiF-seQ_oVi3EAAx1L', 'width': 3024}]"
OPERATIONAL,"Huzurevleri Mahallesi 12 sokak ağma Apt. Altı no 24, 21070 Diyarbakır Merkez/Diyarbakır, Türkiye","{'location': {'lat': 37.9351535, 'lng': 40.1986193}, 'viewport': {'northeast': {'lat': 37.93655927989273, 'lng': 40.19994592989273}, 'southwest': {'lat': 37.93385962010728, 'lng': 40.19724627010729}}}",https://maps.gstatic.com/mapfiles/place_api/icons/v1/png_71/generic_business-71.png,#4B96F3,https://maps.gstatic.com/mapfiles/place_api/icons/v2/generic_pinlet,Irfan Pharmacy,{'open_now': False},ChIJC_6CuLgfdUARPd9cgY-07wg,"{'compound_code': 'W5PX+3C Kayapınar, Diyarbakır', 'global_code': '8H92W5PX+3C'}",5.0,ChIJC_6CuLgfdUARPd9cgY-07wg,"['drugstore', 'pharmacy', 'store', 'point_of_interest', 'health', 'establishment']",2,"[{'height': 3096, 'html_attributions': ['<a href=""https://maps.google.com/maps/contrib/117724320404798059791"">necdet karadaş</a>'], 'photo_reference': 'AfLeUgM7XPMIDGiANbmNPJDt6R29YteOV_TCqkueXdl-v0-rvMOBfiHgDUvFcLZ9sGYXitQlBVuuaG7794vO4LfH9ostN_QfcJ6wTByp4wD-ip1-HIObiIIkB2PaeVrtuu_zwWEiUCpv-DnrI2RCN5-Lf5zNY7UhRqIR5sp8QvjzHXV7icD8', 'width': 4128}]"
OPERATIONAL,"Kooperatifler, Ekinciler Cad. Devran Apt. 19/F, 21100 Diyarbakır Merkez/Diyarbakır, Türkiye","{'location': {'lat': 37.9191879, 'lng': 40.219837}, 'viewport': {'northeast': {'lat': 37.92051297989272, 'lng': 40.22115367989272}, 'southwest': {'lat': 37.91781332010727, 'lng': 40.21845402010727}}}",https://maps.gstatic.com/mapfiles/place_api/icons/v1/png_71/pharmacy-71.png,#F88181,https://maps.gstatic.com/mapfiles/place_api/icons/v2/pharmacy_pinlet,Cihan Pharmacy,,ChIJT8zcdCcgdUARlElEaMLuxhM,"{'compound_code': 'W699+MW Yenişehir, Diyarbakır', 'global_code': '8H92W699+MW'}",4.0,ChIJT8zcdCcgdUARlElEaMLuxhM,"['pharmacy', 'store', 'point_of_interest', 'health', 'establishment']",4,"[{'height': 4032, 'html_attributions': ['<a href=""https://maps.google.com/maps/contrib/110138633989911219302"">Abdulhamit Celik</a>'], 'photo_reference': 'AfLeUgNxUAy4juai188dNJAqpow2JzOzd-e-KGcPkEfqnwQ6yNGEgHHWI8c9FUOp5_HI0gDUPbQzME2dnVuCtiBFhaAqg48r2Mdiqj5joj-H_AVmp-3Cu6kg1VJ9Kocb7BeQE2pQTKgUahE4JIP8gBt9Lwt86YRIbgjrD5PKTPZDyXCL8pVS', 'width': 3024}]"
OPERATIONAL,"Yenişehir, Elazığ Cd. No:2, 21100 Yenişehir/Diyarbakır, Türkiye","{'location': {'lat': 37.9170153, 'lng': 40.2371829}, 'viewport': {'northeast': {'lat': 37.91831327989273, 'lng': 40.23852567989272}, 'southwest': {'lat': 37.91561362010729, 'lng': 40.23582602010728}}}",https://maps.gstatic.com/mapfiles/place_api/icons/v1/png_71/pharmacy-71.png,#F88181,https://maps.gstatic.com/mapfiles/place_api/icons/v2/pharmacy_pinlet,Doz Eczanesi,,ChIJq2ennT4gdUARomGLN8NS_1Q,"{'compound_code': 'W68P+RV Yenişehir, Diyarbakır', 'global_code': '8H92W68P+RV'}",0.0,ChIJq2ennT4gdUARomGLN8NS_1Q,"['pharmacy', 'store', 'point_of_interest', 'health', 'establishment']",0,
OPERATIONAL,"Cami Kebir, Gazi Cad. No:138, 21300 Diyarbakır Merkez/Diyarbakır, Türkiye","{'location': {'lat': 37.911669, 'lng': 40.236792}, 'viewport': {'northeast': {'lat': 37.91302047989272, 'lng': 40.23809897989273}, 'southwest': {'lat': 37.91032082010727, 'lng': 40.23539932010728}}}",https://maps.gstatic.com/mapfiles/place_api/icons/v1/png_71/pharmacy-71.png,#F88181,https://maps.gstatic.com/mapfiles/place_api/icons/v2/pharmacy_pinlet,Sark Pharmacy,{'open_now': False},ChIJ8TeEYDggdUARgh2IS54IWBc,"{'compound_code': 'W66P+MP Sur, Diyarbakır', 'global_code': '8H92W66P+MP'}",5.0,ChIJ8TeEYDggdUARgh2IS54IWBc,"['pharmacy', 'store', 'point_of_interest', 'health', 'establishment']",3,
OPERATIONAL,"2. Sokak No:3, Diyarbakır, Türkiye","{'location': {'lat': 37.9339469, 'lng': 40.2119258}, 'viewport': {'northeast': {'lat': 37.93529687989272, 'lng': 40.21327582989272}, 'southwest': {'lat': 37.93259722010728, 'lng': 40.21057617010728}}}",https://maps.gstatic.com/mapfiles/place_api/icons/v1/png_71/pharmacy-71.png,#F88181,https://maps.gstatic.com/mapfiles/place_api/icons/v2/pharmacy_pinlet,Özdemir Eczanesi,,ChIJCzRMVskfdUARc-pzJCNMdJQ,"{'compound_code': 'W6M6+HQ Yenişehir, Diyarbakır', 'global_code': '8H92W6M6+HQ'}",0.0,ChIJCzRMVskfdUARc-pzJCNMdJQ,"['pharmacy', 'store', 'point_of_interest', 'health', 'establishment']",0,"[{'height': 3024, 'html_attributions': ['<a href=""https://maps.google.com/maps/contrib/107816197020794403834"">A Google User</a>'], 'photo_reference': 'AfLeUgPolW-3yYQ-mZgF9dQkF0I_3Qi86zrhkNVLmA5OxnRkbl8MnO0dOPuL--N-fmusZTMejSBGLiif9uCpgN5pojKN7Xoxb4LgEDjc_gQ_Q-EPANrthuhFcC7dplZt7FMxmgb1OKai5rkQmbuFhxNLvy4PEVfWBQ_OiAXrX-aupOev4MvF', 'width': 4032}]"
OPERATIONAL,"5 Nisan, 913. Sk., 21080 Bağlar/Diyarbakır, Türkiye","{'location': {'lat': 37.9174711, 'lng': 40.202675}, 'viewport': {'northeast': {'lat': 37.91891907989272, 'lng': 40.20400237989273}, 'southwest': {'lat': 37.91621942010728, 'lng': 40.20130272010728}}}",https://maps.gstatic.com/mapfiles/place_api/icons/v1/png_71/pharmacy-71.png,#F88181,https://maps.gstatic.com/mapfiles/place_api/icons/v2/pharmacy_pinlet,Evindar Eczanesi,,ChIJjW3HiIEfdUARRUXY5ZqsJw0,"{'compound_code': 'W683+X3 Bağlar, Diyarbakır', 'global_code': '8H92W683+X3'}",0.0,ChIJjW3HiIEfdUARRUXY5ZqsJw0,"['pharmacy', 'store', 'point_of_interest', 'health', 'establishment']",0,
