business_status,formatted_address,geometry,icon,icon_background_color,icon_mask_base_uri,name,place_id,plus_code,rating,reference,types,user_ratings_total,opening_hours,photos
OPERATIONAL,"Altınçay, Cumhuriyet Cd. No:137, 31040 Antakya/Hatay, Türkiye","{'location': {'lat': 36.2097656, 'lng': 36.1448764}, 'viewport': {'northeast': {'lat': 36.21117142989272, 'lng': 36.14625392989272}, 'southwest': {'lat': 36.20847177010727, 'lng': 36.14355427010727}}}",https://maps.gstatic.com/mapfiles/place_api/icons/v1/png_71/pharmacy-71.png,#F88181,https://maps.gstatic.com/mapfiles/place_api/icons/v2/pharmacy_pinlet,Farmasi,ChIJDb5pSE3CJRURb72f_rSkH9U,"{'compound_code': '645V+WX Antakya, Hatay', 'global_code': '8G8R645V+WX'}",0.0,ChIJDb5pSE3CJRURb72f_rSkH9U,"['pharmacy', 'health', 'store', 'point_of_interest', 'establishment']",0,,
OPERATIONAL,"Cumhuriyet, mahmut koşucu, Süleymanşah Cd. No:22 D:apt 13a, 31040 Antakya/Hatay, Türkiye","{'location': {'lat': 36.2059765, 'lng': 36.1509501}, 'viewport': {'northeast': {'lat': 36.20734562989273, 'lng': 36.15226457989272}, 'southwest': {'lat': 36.20464597010729, 'lng': 36.14956492010728}}}",https://maps.gstatic.com/mapfiles/place_api/icons/v1/png_71/pharmacy-71.png,#F88181,https://maps.gstatic.com/mapfiles/place_api/icons/v2/pharmacy_pinlet,Selçuk Medikal Ve İtriyat Deposu,ChIJfUTJRLXDJRURgKTWCpKy1pI,"{'compound_code': '6542+99 Antakya, Hatay', 'global_code': '8G8R6542+99'}",0.0,ChIJfUTJRLXDJRURgKTWCpKy1pI,"['pharmacy', 'health', 'store', 'point_of_interest', 'establishment']",0,{'open_now': False},
OPERATIONAL,"Akevler, 16. Sk. No:2, 31030 Antakya/Hatay, Türkiye","{'location': {'lat': 36.2145395, 'lng': 36.15087159999999}, 'viewport': {'northeast': {'lat': 36.21588537989272, 'lng': 36.15222377989272}, 'southwest': {'lat': 36.21318572010728, 'lng': 36.14952412010728}}}",https://maps.gstatic.com/mapfiles/place_api/icons/v1/png_71/pharmacy-71.png,#F88181,https://maps.gstatic.com/mapfiles/place_api/icons/v2/pharmacy_pinlet,Avon Farmasi,ChIJrxjq40jCJRURNgMaswGZAQA,"{'compound_code': '6572+R8 Antakya, Hatay', 'global_code': '8G8R6572+R8'}",0.0,ChIJrxjq40jCJRURNgMaswGZAQA,"['pharmacy', 'health', 'store', 'point_of_interest', 'establishment']",0,,
OPERATIONAL,"Küçükdalyan, Levent Sok., 31120 Antakya/Hatay, Türkiye","{'location': {'lat': 36.213484, 'lng': 36.1777685}, 'viewport': {'northeast': {'lat': 36.21483177989272, 'lng': 36.17912092989273}, 'southwest': {'lat': 36.21213212010728, 'lng': 36.17642127010728}}}",https://maps.gstatic.com/mapfiles/place_api/icons/v1/png_71/pharmacy-71.png,#F88181,https://maps.gstatic.com/mapfiles/place_api/icons/v2/pharmacy_pinlet,Belgin Pharmacy,ChIJoSnLzcDDJRUR2-s_SO0DMKM,,0.0,ChIJoSnLzcDDJRUR2-s_SO0DMKM,"['pharmacy', 'health', 'store', 'point_of_interest', 'establishment']",0,{'open_now': False},
OPERATIONAL,"Gazi, Adnan Menderes Cad. No:130, 31040 Antakya/Hatay, Türkiye","{'location': {'lat': 36.2032507, 'lng': 36.145043}, 'viewport': {'northeast': {'lat': 36.20447327989272, 'lng': 36.14643597989272}, 'southwest': {'lat': 36.20177362010727, 'lng': 36.14373632010728}}}",https://maps.gstatic.com/mapfiles/place_api/icons/v1/png_71/pharmacy-71.png,#F88181,https://maps.gstatic.com/mapfiles/place_api/icons/v2/pharmacy_pinlet,Esentepe Pharmacy,ChIJSQIqWrHDJRURZ6HKoaVsUNo,"{'compound_code': '643W+72 Antakya, Hatay', 'global_code': '8G8R643W+72'}",4.0,ChIJSQIqWrHDJRURZ6HKoaVsUNo,"['pharmacy', 'health', 'store', 'point_of_interest', 'establishment']",13,{'open_now': False},
OPERATIONAL,"Cebrail, Cumhuriyet Cd. No:100, 31030 Antakya/Hatay, Türkiye","{'location': {'lat': 36.2060959, 'lng': 36.1534039}, 'viewport': {'northeast': {'lat': 36.20741012989271, 'lng': 36.15471702989272}, 'southwest': {'lat': 36.20471047010727, 'lng': 36.15201737010727}}}",https://maps.gstatic.com/mapfiles/place_api/icons/v1/png_71/pharmacy-71.png,#F88181,https://maps.gstatic.com/mapfiles/place_api/icons/v2/pharmacy_pinlet,Kudret Pharmacy,ChIJV4bVS7XDJRURIMqVUoCdwVU,"{'compound_code': '6543+C9 Antakya, Hatay', 'global_code': '8G8R6543+C9'}",4.3,ChIJV4bVS7XDJRURIMqVUoCdwVU,"['pharmacy', 'health', 'store', 'point_of_interest', 'establishment']",49,{'open_now': False},"[{'height': 2992, 'html_attributions': ['<a href=""https://maps.google.com/maps/contrib/116958787958184765372"">Umut Atar</a>'], 'photo_reference': 'AfLeUgM5UvItyCA4OpHmmHoWxp2K38p7tQq5aQU9Mtvyn3n7C-3_f6w22TdcNVN_-0tZjc810MEpU1Se0HtulmvM_atdyUUS-eLZSUcNdt9gRd6ENpSyisrthU3bf8Ne74daB7d3RwCmC0CUsJ2QESHd7dtakLhFb37HXlftlgeLdgpGffNU', 'width': 4000}]"
OPERATIONAL,"Elektrik, 31160 Defne/Hatay, Türkiye","{'location': {'lat': 36.196556, 'lng': 36.149828}, 'viewport': {'northeast': {'lat': 36.19792652989273, 'lng': 36.15120787989272}, 'southwest': {'lat': 36.19522687010728, 'lng': 36.14850822010727}}}",https://maps.gstatic.com/mapfiles/place_api/icons/v1/png_71/pharmacy-71.png,#F88181,https://maps.gstatic.com/mapfiles/place_api/icons/v2/pharmacy_pinlet,Konak Pharmacy,ChIJw3CQxLnDJRURzMr537P3WKw,"{'compound_code': '54WX+JW Defne, Hatay', 'global_code': '8G8R54WX+JW'}",0.0,ChIJw3CQxLnDJRURzMr537P3WKw,"['pharmacy', 'health', 'store', 'point_of_interest', 'establishment']",0,,
OPERATIONAL,"Kuzeytepe Mah, Atatürk Cd. No. 68/B, 31027 Antakya/Hatay, Türkiye","{'location': {'lat': 36.2558137, 'lng': 36.1683132}, 'viewport': {'northeast': {'lat': 36.25711822989272, 'lng': 36.16963167989272}, 'southwest': {'lat': 36.25441857010728, 'lng': 36.16693202010728}}}",https://maps.gstatic.com/mapfiles/place_api/icons/v1/png_71/pharmacy-71.png,#F88181,https://maps.gstatic.com/mapfiles/place_api/icons/v2/pharmacy_pinlet,Günay Pharmacy,ChIJ07vo5UnDJRURUJIBHsIbyjY,"{'compound_code': '7549+88 Antakya, Hatay', 'global_code': '8G8R7549+88'}",3.4,ChIJ07vo5UnDJRURUJIBHsIbyjY,"['pharmacy', 'health', 'store', 'point_of_interest', 'establishment']",5,{'open_now': True},"[{'height': 900, 'html_attributions': ['<a href=""https://maps.google.com/maps/contrib/101537445599044081358"">Burak Gunay</a>'], 'photo_reference': 'AfLeUgPrDI6oyGsEyBeLvBcV7Wo6t_dzZTf4Dx0SwFXYCHMxxjyTf_aXDkH92QWtEgUKNkfJSjTifJUpE-CEtUf7JxytiLAxI6SwdwKvcVvp0S8a7dZ9a5VbZbodmPBekwUQr6pUbtvlp0BHXtbYMlaHIEuctFjrAhkzKApIqMzF4l_5APgI', 'width': 1600}]"
OPERATIONAL,"Ulucamii, 31060 Antakya/Hatay, Türkiye","{'location': {'lat': 36.2030468, 'lng': 36.1617442}, 'viewport': {'northeast': {'lat': 36.20440797989271, 'lng': 36.16304077989273}, 'southwest': {'lat': 36.20170832010727, 'lng': 36.16034112010728}}}",https://maps.gstatic.com/mapfiles/place_api/icons/v1/png_71/pharmacy-71.png,#F88181,https://maps.gstatic.com/mapfiles/place_api/icons/v2/pharmacy_pinlet,Defne,ChIJ49Opk73DJRURPynOOgISZFg,"{'compound_code': '6536+6M Antakya, Hatay', 'global_code': '8G8R6536+6M'}",0.0,ChIJ49Opk73DJRURPynOOgISZFg,"['pharmacy', 'health', 'store', 'point_of_interest', 'establishment']",0,,
OPERATIONAL,"Saraykent, 11. Sk. No:22, 31030 Antakya/Hatay, Türkiye","{'location': {'lat': 36.2218317, 'lng': 36.14916050000001}, 'viewport': {'northeast': {'lat': 36.22318152989272, 'lng': 36.15051032989273}, 'southwest': {'lat': 36.22048187010728, 'lng': 36.14781067010728}}}",https://maps.gstatic.com/mapfiles/place_api/icons/v1/png_71/pharmacy-71.png,#F88181,https://maps.gstatic.com/mapfiles/place_api/icons/v2/pharmacy_pinlet,Melis Medikal,ChIJjYVkqkbCJRURPfmvKEskECM,"{'compound_code': '64CX+PM Antakya, Hatay', 'global_code': '8G8R64CX+PM'}",0.0,ChIJjYVkqkbCJRURPfmvKEskECM,"['pharmacy', 'health', 'store', 'point_of_interest', 'establishment']",0,{'open_now': False},
OPERATIONAL,"Esentepe, Mehmet Kafadar Cd. 31/A, 31030 Antakya/Hatay, Türkiye","{'location': {'lat': 36.2135567, 'lng': 36.1389235}, 'viewport': {'northeast': {'lat': 36.21493002989273, 'lng': 36.14030642989272}, 'southwest': {'lat': 36.21223037010728, 'lng': 36.13760677010728}}}",https://maps.gstatic.com/mapfiles/place_api/icons/v1/png_71/pharmacy-71.png,#F88181,https://maps.gstatic.com/mapfiles/place_api/icons/v2/pharmacy_pinlet,Hatay Hayat Pharmacy,ChIJq6qqqlPCJRURhIXJ70SFRCc,"{'compound_code': '647Q+CH Antakya, Hatay', 'global_code': '8G8R647Q+CH'}",2.9,ChIJq6qqqlPCJRURhIXJ70SFRCc,"['pharmacy', 'health', 'store', 'point_of_interest', 'establishment']",7,{'open_now': False},
OPERATIONAL,"Kışlasaray Mh. Saray Cd No:43/c Harbiye Durağı Altı Limon Mezeci Yanı, 31070 Antakya, Türkiye","{'location': {'lat': 36.196922, 'lng': 36.1611062}, 'viewport': {'northeast': {'lat': 36.19825402989272, 'lng': 36.16241217989273}, 'southwest': {'lat': 36.19555437010727, 'lng': 36.15971252010728}}}",https://maps.gstatic.com/mapfiles/place_api/icons/v1/png_71/pharmacy-71.png,#F88181,https://maps.gstatic.com/mapfiles/place_api/icons/v2/pharmacy_pinlet,Nursel Pharmacy,ChIJcaom3M7DJRURFX3Y1yECYUI,"{'compound_code': '55W6+QC Antakya, Hatay', 'global_code': '8G8R55W6+QC'}",5.0,ChIJcaom3M7DJRURFX3Y1yECYUI,"['pharmacy', 'health', 'store', 'point_of_interest', 'establishment']",7,{'open_now': False},"[{'height': 756, 'html_attributions': ['<a href=""https://maps.google.com/maps/contrib/101063169659900538627"">A Google User</a>'], 'photo_reference': 'AfLeUgP2E-yTzAX_zWYSdEvU15io9HatZPl_y8wtlPWUsD7YJSrPGopnyJIMBIed31MSyWXtG2D7oYEWBWZcdaJTC6UAZNjQ_FBku_M8IrguwSTJGIpUQE0MuDWWeCSgEJz51vbwc9nDEps2nDYzRne3Q5d2G3KxjD1Q6Lg2zgT8TGMbz3B8', 'width': 1125}]"
OPERATIONAL,"Haraparası 10. Sok. No:10, 31030 Antakya/Hatay, Türkiye","{'location': {'lat': 36.2120423, 'lng': 36.1449818}, 'viewport': {'northeast': {'lat': 36.21339502989272, 'lng': 36.14633402989272}, 'southwest': {'lat': 36.21069537010727, 'lng': 36.14363437010728}}}",https://maps.gstatic.com/mapfiles/place_api/icons/v1/png_71/pharmacy-71.png,#F88181,https://maps.gstatic.com/mapfiles/place_api/icons/v2/pharmacy_pinlet,Colakoglu Pharmacy,ChIJ7RJlJ9LDJRUR5k2eO1jPCwE,"{'compound_code': '646V+RX Antakya, Hatay', 'global_code': '8G8R646V+RX'}",3.3,ChIJ7RJlJ9LDJRUR5k2eO1jPCwE,"['pharmacy', 'health', 'store', 'point_of_interest', 'establishment']",3,{'open_now': False},
OPERATIONAL,"Kışla Saray, Mustafa Saten Cad./1. Sok. No:1, 31070 Antakya/Hatay, Türkiye","{'location': {'lat': 36.2022842, 'lng': 36.1613221}, 'viewport': {'northeast': {'lat': 36.20362882989273, 'lng': 36.16266992989272}, 'southwest': {'lat': 36.20092917010728, 'lng': 36.15997027010727}}}",https://maps.gstatic.com/mapfiles/place_api/icons/v1/png_71/pharmacy-71.png,#F88181,https://maps.gstatic.com/mapfiles/place_api/icons/v2/pharmacy_pinlet,Kevser Pharmacy,ChIJMdBEKCrCJRURpvxGl6uS7Pk,,0.0,ChIJMdBEKCrCJRURpvxGl6uS7Pk,"['pharmacy', 'health', 'store', 'point_of_interest', 'establishment']",0,,
OPERATIONAL,"Küçükdalyan, Fatih Cad./nato Sok. İshakoğlu Apt. No:8 D:4, 31030 Antakya/Hatay, Türkiye","{'location': {'lat': 36.208198, 'lng': 36.1558562}, 'viewport': {'northeast': {'lat': 36.20952872989272, 'lng': 36.15717197989271}, 'southwest': {'lat': 36.20682907010728, 'lng': 36.15447232010727}}}",https://maps.gstatic.com/mapfiles/place_api/icons/v1/png_71/pharmacy-71.png,#F88181,https://maps.gstatic.com/mapfiles/place_api/icons/v2/pharmacy_pinlet,Ishakoglu Medikal,ChIJNat-AjXCJRUR_OsAthtyXc0,"{'compound_code': '6554+78 Antakya, Hatay', 'global_code': '8G8R6554+78'}",5.0,ChIJNat-AjXCJRUR_OsAthtyXc0,"['pharmacy', 'health', 'store', 'point_of_interest', 'establishment']",2,,
OPERATIONAL,"General Şükrü Kanatlı, Ayşe Fitnat Hanım Cd. No:14, 31030 Antakya/Hatay, Türkiye","{'location': {'lat': 36.210133, 'lng': 36.157996}, 'viewport': {'northeast': {'lat': 36.21148022989272, 'lng': 36.15933177989272}, 'southwest': {'lat': 36.20878057010728, 'lng': 36.15663212010728}}}",https://maps.gstatic.com/mapfiles/place_api/icons/v1/png_71/pharmacy-71.png,#F88181,https://maps.gstatic.com/mapfiles/place_api/icons/v2/pharmacy_pinlet,Yeni Stad Pharmacy,ChIJWT8akDbCJRURFNmhJmNTh2A,"{'compound_code': '6565+35 Antakya, Hatay', 'global_code': '8G8R6565+35'}",5.0,ChIJWT8akDbCJRURFNmhJmNTh2A,"['pharmacy', 'health', 'store', 'point_of_interest', 'establishment']",1,,
OPERATIONAL,"Cumhuriyet, Cumhuriyet Cd. No:37, 31040 Antakya/Hatay, Türkiye","{'location': {'lat': 36.2042492, 'lng': 36.1563442}, 'viewport': {'northeast': {'lat': 36.20565517989272, 'lng': 36.15773087989272}, 'southwest': {'lat': 36.20295552010727, 'lng': 36.15503122010728}}}",https://maps.gstatic.com/mapfiles/place_api/icons/v1/png_71/pharmacy-71.png,#F88181,https://maps.gstatic.com/mapfiles/place_api/icons/v2/pharmacy_pinlet,Bildiren,ChIJ_UpPwsrDJRURZedEvCnsC-0,"{'compound_code': '6534+MG Antakya, Hatay', 'global_code': '8G8R6534+MG'}",0.0,ChIJ_UpPwsrDJRURZedEvCnsC-0,"['pharmacy', 'health', 'store', 'point_of_interest', 'establishment']",0,{'open_now': False},
OPERATIONAL,"Meydan, Tayfur Sökmen Cd No:43, 31060 Antakya/Hatay, Türkiye","{'location': {'lat': 36.2051164, 'lng': 36.1670767}, 'viewport': {'northeast': {'lat': 36.20643317989273, 'lng': 36.16848517989273}, 'southwest': {'lat': 36.20373352010728, 'lng': 36.16578552010728}}}",https://maps.gstatic.com/mapfiles/place_api/icons/v1/png_71/pharmacy-71.png,#F88181,https://maps.gstatic.com/mapfiles/place_api/icons/v2/pharmacy_pinlet,Esra Eczanesi,ChIJdYFnoi3CJRURS6ykF-pxxg8,"{'compound_code': '6548+2R Antakya, Hatay', 'global_code': '8G8R6548+2R'}",0.0,ChIJdYFnoi3CJRURS6ykF-pxxg8,"['pharmacy', 'health', 'store', 'point_of_interest', 'establishment']",0,{'open_now': False},
OPERATIONAL,"Altınçay, 49, Mehmet Kafadar Cd., 31040 Antakya/Hatay, Türkiye","{'location': {'lat': 36.2141781, 'lng': 36.1381909}, 'viewport': {'northeast': {'lat': 36.21557072989273, 'lng': 36.13961012989272}, 'southwest': {'lat': 36.21287107010728, 'lng': 36.13691047010728}}}",https://maps.gstatic.com/mapfiles/place_api/icons/v1/png_71/pharmacy-71.png,#F88181,https://maps.gstatic.com/mapfiles/place_api/icons/v2/pharmacy_pinlet,Sayin Pharmacy,ChIJN6CqP1TCJRURh6pQiJB5LFg,"{'compound_code': '647Q+M7 Antakya, Hatay', 'global_code': '8G8R647Q+M7'}",3.9,ChIJN6CqP1TCJRURh6pQiJB5LFg,"['pharmacy', 'health', 'store', 'point_of_interest', 'establishment']",11,{'open_now': False},"[{'height': 2988, 'html_attributions': ['<a href=""https://maps.google.com/maps/contrib/111378173011939061188"">Seymen UGURBASCICEK</a>'], 'photo_reference': 'AfLeUgOSZXzpDozgMpch7odFvCKlnDIOgOgvbSQfZCFpOikaQfJSeSJR_GMiTnPvCTgeyxcLdDyjHb7P1N0JDQIA9rfO8ft5bQWcHCtZph5h3Q25qM3vNw_XtuBjuMQrhT789r_mx1rHwyIMH6nsgRsMHUfGxQryjZZavZU7O3FcGDW_4h06', 'width': 5312}]"
OPERATIONAL,"Kışla Saray, 31070 Hatay Merkez/Hatay, Türkiye","{'location': {'lat': 36.19497520000001, 'lng': 36.159167}, 'viewport': {'northeast': {'lat': 36.19637772989272, 'lng': 36.16047222989273}, 'southwest': {'lat': 36.19367807010727, 'lng': 36.15777257010728}}}",https://maps.gstatic.com/mapfiles/place_api/icons/v1/png_71/pharmacy-71.png,#F88181,https://maps.gstatic.com/mapfiles/place_api/icons/v2/pharmacy_pinlet,Omeroglu Pharmacy,ChIJ1R2mp8jDJRURQUV7FtrnbZk,"{'compound_code': '55V5+XM Antakya, Hatay', 'global_code': '8G8R55V5+XM'}",1.0,ChIJ1R2mp8jDJRURQUV7FtrnbZk,"['pharmacy', 'health', 'store', 'point_of_interest', 'establishment']",2,{'open_now': False},
