business_status,formatted_address,geometry,icon,icon_background_color,icon_mask_base_uri,name,opening_hours,photos,place_id,plus_code,rating,reference,types,user_ratings_total
OPERATIONAL,"23 Nisan, Üniversite Blv. No:313/B, 27070 Şahinbey/Gaziantep, Türkiye","{'location': {'lat': 37.0411224, 'lng': 37.3225123}, 'viewport': {'northeast': {'lat': 37.04250392989272, 'lng': 37.32378767989272}, 'southwest': {'lat': 37.03980427010727, 'lng': 37.32108802010728}}}",https://maps.gstatic.com/mapfiles/place_api/icons/v1/png_71/pharmacy-71.png,#F88181,https://maps.gstatic.com/mapfiles/place_api/icons/v2/pharmacy_pinlet,Universite Ozden Pharmacy,{'open_now': False},"[{'height': 2048, 'html_attributions': ['<a href=""https://maps.google.com/maps/contrib/111786560087163281105"">Fulya Ertu</a>'], 'photo_reference': 'AfLeUgPGfEg75V05MLv9XSO5jzJVK4po3rZnUesJauOZxu_PzMRLyJbPwt1wKBi6uRbrPM34J6mjaShgJz5XD_itBOt8OXyrxDcBlJv_JYW5Wy_3oIMZQOxv1_eqU7osWRGFOh6act6pfsPbjEShd5Tz7oNNeBwD9Qza8ZBQg0Yt-uf5OldQ', 'width': 1152}]",ChIJj1NkSGrgMRURzJ8QBlGVsUM,"{'compound_code': '28RC+FX Şahinbey, Gaziantep', 'global_code': '8G9V28RC+FX'}",4.4,ChIJj1NkSGrgMRURzJ8QBlGVsUM,"['pharmacy', 'health', 'point_of_interest', 'store', 'establishment']",26
OPERATIONAL,"İncili Pınar, Ali Fuat Cebesoy Blv. No:47, 27090 Şehitkamil/Gaziantep, Türkiye","{'location': {'lat': 37.0724906, 'lng': 37.3666929}, 'viewport': {'northeast': {'lat': 37.07401252989272, 'lng': 37.36807512989272}, 'southwest': {'lat': 37.07131287010728, 'lng': 37.36537547010727}}}",https://maps.gstatic.com/mapfiles/place_api/icons/v1/png_71/pharmacy-71.png,#F88181,https://maps.gstatic.com/mapfiles/place_api/icons/v2/pharmacy_pinlet,Perihan Pharmacy,{'open_now': False},,ChIJAXT_sUThMRUR8qOMuQcmfqk,"{'compound_code': '39C8+XM Şehitkamil, Gaziantep', 'global_code': '8G9V39C8+XM'}",3.8,ChIJAXT_sUThMRUR8qOMuQcmfqk,"['pharmacy', 'health', 'point_of_interest', 'store', 'establishment']",9
OPERATIONAL,"İncili Pınar, 36057. Sk. No:30, 27090 Şehitkamil/Gaziantep, Türkiye","{'location': {'lat': 37.0668801, 'lng': 37.3754747}, 'viewport': {'northeast': {'lat': 37.06820342989273, 'lng': 37.37679357989273}, 'southwest': {'lat': 37.06550377010728, 'lng': 37.37409392010728}}}",https://maps.gstatic.com/mapfiles/place_api/icons/v1/png_71/pharmacy-71.png,#F88181,https://maps.gstatic.com/mapfiles/place_api/icons/v2/pharmacy_pinlet,Duruklan Eczanesi,,,ChIJpWvS8U7hMRURHLSI8LE9tIk,"{'compound_code': '398G+Q5 Şehitkamil, Gaziantep', 'global_code': '8G9V398G+Q5'}",0.0,ChIJpWvS8U7hMRURHLSI8LE9tIk,"['pharmacy', 'health', 'point_of_interest', 'store', 'establishment']",0
OPERATIONAL,"İncili Pınar, Prof. Muammer Aksoy Blv. No:58, 27090 Şehitkamil/Gaziantep, Türkiye","{'location': {'lat': 37.0683671, 'lng': 37.3699238}, 'viewport': {'northeast': {'lat': 37.06987187989272, 'lng': 37.37125872989272}, 'southwest': {'lat': 37.06717222010727, 'lng': 37.36855907010727}}}",https://maps.gstatic.com/mapfiles/place_api/icons/v1/png_71/pharmacy-71.png,#F88181,https://maps.gstatic.com/mapfiles/place_api/icons/v2/pharmacy_pinlet,Aysegul Pharmacy,,,ChIJFeTRtkXhMRURwBESO46DpOs,"{'compound_code': '3999+8X Şehitkamil, Gaziantep', 'global_code': '8G9V3999+8X'}",3.0,ChIJFeTRtkXhMRURwBESO46DpOs,"['pharmacy', 'health', 'point_of_interest', 'store', 'establishment']",2
OPERATIONAL,"İncili Pınar, Ali Fuat Cebesoy Blv. NO:5, 27090 Şehitkamil/Gaziantep, Türkiye","{'location': {'lat': 37.0717064, 'lng': 37.3785384}, 'viewport': {'northeast': {'lat': 37.07314572989272, 'lng': 37.37991687989273}, 'southwest': {'lat': 37.07044607010727, 'lng': 37.37721722010728}}}",https://maps.gstatic.com/mapfiles/place_api/icons/v1/png_71/pharmacy-71.png,#F88181,https://maps.gstatic.com/mapfiles/place_api/icons/v2/pharmacy_pinlet,Gaziantep Eczacı Odası,,,ChIJ_Xb_xlPhMRURj7Rumiwzp1A,"{'compound_code': '39CH+MC Şehitkamil, Gaziantep', 'global_code': '8G9V39CH+MC'}",0.0,ChIJ_Xb_xlPhMRURj7Rumiwzp1A,"['pharmacy', 'health', 'point_of_interest', 'store', 'establishment']",0
OPERATIONAL,"Budak, Ali Fuat Cebesoy Blv. 68-76, 27090 Şehitkamil/Gaziantep, Türkiye","{'location': {'lat': 37.0739857, 'lng': 37.3621475}, 'viewport': {'northeast': {'lat': 37.07526397989272, 'lng': 37.36347062989272}, 'southwest': {'lat': 37.07256432010728, 'lng': 37.36077097010727}}}",https://maps.gstatic.com/mapfiles/place_api/icons/v1/png_71/generic_business-71.png,#4B96F3,https://maps.gstatic.com/mapfiles/place_api/icons/v2/generic_pinlet,Nisa Koçak Eczanesi,,,ChIJifezEUXhMRURUfv5VxVQ6_0,"{'compound_code': '39F6+HV Şehitkamil, Gaziantep', 'global_code': '8G9V39F6+HV'}",3.7,ChIJifezEUXhMRURUfv5VxVQ6_0,"['drugstore', 'pharmacy', 'health', 'point_of_interest', 'store', 'establishment']",3
OPERATIONAL,"Mücahitler, 52009. Cd., 27090 Şehitkamil/Gaziantep, Türkiye","{'location': {'lat': 37.0758825, 'lng': 37.3697701}, 'viewport': {'northeast': {'lat': 37.07721632989271, 'lng': 37.37111642989272}, 'southwest': {'lat': 37.07451667010727, 'lng': 37.36841677010728}}}",https://maps.gstatic.com/mapfiles/place_api/icons/v1/png_71/pharmacy-71.png,#F88181,https://maps.gstatic.com/mapfiles/place_api/icons/v2/pharmacy_pinlet,Kaleoglu Eczanesi,{'open_now': False},"[{'height': 1080, 'html_attributions': ['<a href=""https://maps.google.com/maps/contrib/117443600293155227614"">Hanano Markets</a>'], 'photo_reference': 'AfLeUgNn8dyDztj0hRNUcx-1v8UVj-RK-lO3-94T5_dzxEGazTyIAycZ3jxDOx_MMW5xpMh4neUbZGpOAwILEbR20TsUV22B2GAvZl1Uzb-P7kvPJK9iuXcF9fIahoeLNrbNBizes25FZ421lbhG9AiJcDJGCZKU5aQOkQX-YV5dZqFsR5wO', 'width': 1920}]",ChIJy4ReyUDhMRURP6no5OoCIjE,"{'compound_code': '39G9+9W Şehitkamil, Gaziantep', 'global_code': '8G9V39G9+9W'}",0.0,ChIJy4ReyUDhMRURP6no5OoCIjE,"['pharmacy', 'health', 'point_of_interest', 'store', 'establishment']",0
OPERATIONAL,"Mücahitler, Gazi Muhtar Paşa Blv. 49-a, 27090 Şehitkamil/Gaziantep, Türkiye","{'location': {'lat': 37.0821321, 'lng': 37.3873193}, 'viewport': {'northeast': {'lat': 37.08350437989272, 'lng': 37.38867077989272}, 'southwest': {'lat': 37.08080472010728, 'lng': 37.38597112010728}}}",https://maps.gstatic.com/mapfiles/place_api/icons/v1/png_71/pharmacy-71.png,#F88181,https://maps.gstatic.com/mapfiles/place_api/icons/v2/pharmacy_pinlet,Kaleoglu Pharmacy,{'open_now': False},,ChIJ-TOseVzhMRURmZmP2TGATDs,"{'compound_code': '39JP+VW Şehitkamil, Gaziantep', 'global_code': '8G9V39JP+VW'}",3.3,ChIJ-TOseVzhMRURmZmP2TGATDs,"['pharmacy', 'health', 'point_of_interest', 'store', 'establishment']",3
OPERATIONAL,"Girne Hasip Dürü Cad. No:56, 27080 Şahinbey/Gaziantep, Türkiye","{'location': {'lat': 37.0701832, 'lng': 37.400296}, 'viewport': {'northeast': {'lat': 37.07154552989272, 'lng': 37.40164597989272}, 'southwest': {'lat': 37.06884587010727, 'lng': 37.39894632010728}}}",https://maps.gstatic.com/mapfiles/place_api/icons/v1/png_71/pharmacy-71.png,#F88181,https://maps.gstatic.com/mapfiles/place_api/icons/v2/pharmacy_pinlet,Altinay Saglik Pharmacy,{'open_now': False},,ChIJvRpBrMzmMRURi2mA9AIcKdo,,0.0,ChIJvRpBrMzmMRURi2mA9AIcKdo,"['pharmacy', 'health', 'point_of_interest', 'store', 'establishment']",0
OPERATIONAL,"Alleben, 27090 Şahinbey/Gaziantep, Türkiye","{'location': {'lat': 37.0631773, 'lng': 37.3679456}, 'viewport': {'northeast': {'lat': 37.06460167989272, 'lng': 37.36926837989272}, 'southwest': {'lat': 37.06190202010728, 'lng': 37.36656872010728}}}",https://maps.gstatic.com/mapfiles/place_api/icons/v1/png_71/pharmacy-71.png,#F88181,https://maps.gstatic.com/mapfiles/place_api/icons/v2/pharmacy_pinlet,Dilay Pharmacy,{'open_now': False},,ChIJ2RtOoTjhMRURvWfnmAvVL24,"{'compound_code': '3979+75 Şahinbey, Gaziantep', 'global_code': '8G9V3979+75'}",4.4,ChIJ2RtOoTjhMRURvWfnmAvVL24,"['pharmacy', 'health', 'point_of_interest', 'store', 'establishment']",24
OPERATIONAL,"Mücahitler, MÜCAHİTLER MH 52060, Nolu Cd NO 5/A, 27090 Şehitkamil/Gaziantep, Türkiye","{'location': {'lat': 37.0756187, 'lng': 37.3694621}, 'viewport': {'northeast': {'lat': 37.07698662989272, 'lng': 37.37080002989272}, 'southwest': {'lat': 37.07428697010727, 'lng': 37.36810037010728}}}",https://maps.gstatic.com/mapfiles/place_api/icons/v1/png_71/pharmacy-71.png,#F88181,https://maps.gstatic.com/mapfiles/place_api/icons/v2/pharmacy_pinlet,Irem Pharmacy,{'open_now': False},,ChIJM9snFkThMRURSiJ50EK4_Ac,"{'compound_code': '39G9+7Q Şehitkamil, Gaziantep', 'global_code': '8G9V39G9+7Q'}",5.0,ChIJM9snFkThMRURSiJ50EK4_Ac,"['pharmacy', 'health', 'point_of_interest', 'store', 'establishment']",1
OPERATIONAL,"Şahinbey, Binevler Mahallesi Üniversite Bulvarı Akademi Hastanesi Bitişiği No:162/D, 27070 Gaziantep, Türkiye","{'location': {'lat': 37.0526352, 'lng': 37.33589630000001}, 'viewport': {'northeast': {'lat': 37.05399302989273, 'lng': 37.33724892989272}, 'southwest': {'lat': 37.05129337010728, 'lng': 37.33454927010728}}}",https://maps.gstatic.com/mapfiles/place_api/icons/v1/png_71/pharmacy-71.png,#F88181,https://maps.gstatic.com/mapfiles/place_api/icons/v2/pharmacy_pinlet,Eczane Hartavi,{'open_now': False},,ChIJF_uvGVTgMRURFlwH4ddLrhw,"{'compound_code': '383P+38 Şahinbey, Gaziantep', 'global_code': '8G9V383P+38'}",0.0,ChIJF_uvGVTgMRURFlwH4ddLrhw,"['pharmacy', 'clothing_store', 'doctor', 'health', 'point_of_interest', 'store', 'establishment']",0
OPERATIONAL,"İncili Pınar, 27090 Şehitkamil/Gaziantep, Türkiye","{'location': {'lat': 37.067107, 'lng': 37.3752562}, 'viewport': {'northeast': {'lat': 37.06841552989272, 'lng': 37.37655347989272}, 'southwest': {'lat': 37.06571587010728, 'lng': 37.37385382010728}}}",https://maps.gstatic.com/mapfiles/place_api/icons/v1/png_71/pharmacy-71.png,#F88181,https://maps.gstatic.com/mapfiles/place_api/icons/v2/pharmacy_pinlet,Arzum Eczanesi,,,ChIJ2U33-k7hMRURdzNBRw2h3ec,"{'compound_code': '398G+R4 Şehitkamil, Gaziantep', 'global_code': '8G9V398G+R4'}",0.0,ChIJ2U33-k7hMRURdzNBRw2h3ec,"['pharmacy', 'health', 'point_of_interest', 'store', 'establishment']",0
OPERATIONAL,"Seç baklavaları yanı, İncilipınar Mahallesi Gazi Muhtar Paşa Bulvarı No:19 Buhara iş merkezi altı, 27900 Şehitkamil/Gaziantep, Türkiye","{'location': {'lat': 37.0690028, 'lng': 37.3680626}, 'viewport': {'northeast': {'lat': 37.07031572989272, 'lng': 37.36935742989272}, 'southwest': {'lat': 37.06761607010728, 'lng': 37.36665777010727}}}",https://maps.gstatic.com/mapfiles/place_api/icons/v1/png_71/pharmacy-71.png,#F88181,https://maps.gstatic.com/mapfiles/place_api/icons/v2/pharmacy_pinlet,Gazi Muhtar Eczanesi,{'open_now': False},"[{'height': 930, 'html_attributions': ['<a href=""https://maps.google.com/maps/contrib/109890616208717416765"">A Google User</a>'], 'photo_reference': 'AfLeUgNVucEBErjRfEMbore7xizvdVlQ6-skj_pu2JhO3vGjEjp9U7vdmu5_iRDv2O5h1a0NNTfJxo-kKCuFMXjZvU19N2D3benoiAmqB4iVUoNRTEouegvBtKAgZCVIyFTv6dLhWtyzPcD43rdSgSApdRNvRARNHN8AoY0x4yCK3uiVpLgO', 'width': 1124}]",ChIJz7MfrVbhMRURfMoJk7NCFgs,"{'compound_code': '3999+J6 Şehitkamil, Gaziantep', 'global_code': '8G9V3999+J6'}",4.5,ChIJz7MfrVbhMRURfMoJk7NCFgs,"['pharmacy', 'health', 'point_of_interest', 'store', 'establishment']",10
OPERATIONAL,"Değirmiçem, Maraşal Fevzi Çakmak Blv. No:32, 27090 Şehitkamil/Gaziantep, Türkiye","{'location': {'lat': 37.0649484, 'lng': 37.3628135}, 'viewport': {'northeast': {'lat': 37.06628827989271, 'lng': 37.36413567989271}, 'southwest': {'lat': 37.06358862010727, 'lng': 37.36143602010727}}}",https://maps.gstatic.com/mapfiles/place_api/icons/v1/png_71/pharmacy-71.png,#F88181,https://maps.gstatic.com/mapfiles/place_api/icons/v2/pharmacy_pinlet,Tugce Pharmacy,,,ChIJzUG5DkDhMRURO7ywX8i03cg,"{'compound_code': '3977+X5 Şehitkamil, Gaziantep', 'global_code': '8G9V3977+X5'}",0.0,ChIJzUG5DkDhMRURO7ywX8i03cg,"['pharmacy', 'health', 'point_of_interest', 'store', 'establishment']",0
OPERATIONAL,"Eyüpoğlu, Değirmen Sk. No:18, 27010 Şahinbey/Gaziantep, Türkiye","{'location': {'lat': 37.05872, 'lng': 37.378241}, 'viewport': {'northeast': {'lat': 37.06006777989272, 'lng': 37.37957802989272}, 'southwest': {'lat': 37.05736812010728, 'lng': 37.37687837010727}}}",https://maps.gstatic.com/mapfiles/place_api/icons/v1/png_71/pharmacy-71.png,#F88181,https://maps.gstatic.com/mapfiles/place_api/icons/v2/pharmacy_pinlet,Guney Pharmacy,,,ChIJV-Mf-DXhMRURXurXtHR0KYk,"{'compound_code': '395H+F7 Şahinbey, Gaziantep', 'global_code': '8G9V395H+F7'}",0.0,ChIJV-Mf-DXhMRURXurXtHR0KYk,"['pharmacy', 'health', 'point_of_interest', 'store', 'establishment']",0
OPERATIONAL,"Cumhuriyet, 27200 Şahinbey/Gaziantep, Türkiye","{'location': {'lat': 37.051904, 'lng': 37.3606222}, 'viewport': {'northeast': {'lat': 37.05323917989271, 'lng': 37.36197427989272}, 'southwest': {'lat': 37.05053952010727, 'lng': 37.35927462010728}}}",https://maps.gstatic.com/mapfiles/place_api/icons/v1/png_71/pharmacy-71.png,#F88181,https://maps.gstatic.com/mapfiles/place_api/icons/v2/pharmacy_pinlet,Ozyetkin Pharmacy,{'open_now': False},,ChIJh9WWTR_hMRURZPs0lPh_Aps,"{'compound_code': '3926+Q6 Şahinbey, Gaziantep', 'global_code': '8G9V3926+Q6'}",0.0,ChIJh9WWTR_hMRURZPs0lPh_Aps,"['pharmacy', 'health', 'point_of_interest', 'store', 'establishment']",0
OPERATIONAL,"Seferpaşa, Küçükpazar Cad. No:8, 27400 Şahinbey/Gaziantep, Türkiye","{'location': {'lat': 37.0662218, 'lng': 37.3832242}, 'viewport': {'northeast': {'lat': 37.06757162989273, 'lng': 37.38457402989272}, 'southwest': {'lat': 37.06487197010728, 'lng': 37.38187437010728}}}",https://maps.gstatic.com/mapfiles/place_api/icons/v1/png_71/pharmacy-71.png,#F88181,https://maps.gstatic.com/mapfiles/place_api/icons/v2/pharmacy_pinlet,Dilek Pharmacy,,,ChIJ04stvdTmMRURecxfn8OTj1g,"{'compound_code': '398M+F7 Şahinbey, Gaziantep', 'global_code': '8G9V398M+F7'}",3.3,ChIJ04stvdTmMRURecxfn8OTj1g,"['pharmacy', 'health', 'point_of_interest', 'store', 'establishment']",3
OPERATIONAL,"Boyacı, Demirli Gane Sk. Pk:27240, 27240 Şahinbey/Gaziantep, Türkiye","{'location': {'lat': 37.0627481, 'lng': 37.3914824}, 'viewport': {'northeast': {'lat': 37.06409652989272, 'lng': 37.39282777989273}, 'southwest': {'lat': 37.06139687010727, 'lng': 37.39012812010728}}}",https://maps.gstatic.com/mapfiles/place_api/icons/v1/png_71/pharmacy-71.png,#F88181,https://maps.gstatic.com/mapfiles/place_api/icons/v2/pharmacy_pinlet,Umut Pharmacy,{'open_now': False},"[{'height': 3264, 'html_attributions': ['<a href=""https://maps.google.com/maps/contrib/113907320336686222853"">Mesut Yılmaz</a>'], 'photo_reference': 'AfLeUgN3nqZWQDu_W1EPuI16pIdtG7JJXqWlpEDvrfWhLjYg4rIKbSG-h23jvBiNPy5F_2fzF1cI30Bz2CCy6w_TMVo0-QbMCEb9v-dAdh-IEjfofGUGCvjKw2c8xPsHVS3_V3w-OjcAx1cfenXHoZCHzcSo8ZWu4m6YgVWY1LdrF8JA1hkH', 'width': 2448}]",ChIJPZqP9bDmMRUR4t00cAcaxXY,"{'compound_code': '397R+3H Şahinbey, Gaziantep', 'global_code': '8G9V397R+3H'}",5.0,ChIJPZqP9bDmMRUR4t00cAcaxXY,"['pharmacy', 'health', 'point_of_interest', 'store', 'establishment']",7
OPERATIONAL,"İncili Pınar, İncili Pınar Mahallesi, Gazi Muhtar Paşa Blv. Doktorlar Sitesi No:64, 27090 Şehitkamil/Gaziantep, Türkiye","{'location': {'lat': 37.0722054, 'lng': 37.3665297}, 'viewport': {'northeast': {'lat': 37.07354672989273, 'lng': 37.36770562989273}, 'southwest': {'lat': 37.07084707010728, 'lng': 37.36500597010728}}}",https://maps.gstatic.com/mapfiles/place_api/icons/v1/png_71/generic_business-71.png,#4B96F3,https://maps.gstatic.com/mapfiles/place_api/icons/v2/generic_pinlet,Gurel Pharmacy,{'open_now': False},"[{'height': 3096, 'html_attributions': ['<a href=""https://maps.google.com/maps/contrib/116162013084607995490"">Ercan Eser</a>'], 'photo_reference': 'AfLeUgN07F8F66Rj3mflk_f7kJODL8MpwcpeUqUONWv1Vr3RZgv6chVxfLA1utVtTuyKyUk0_Ct_Ntne-BWZ5rl_KSBzR0P0GuTl3D3FXNIRnLtOVQjl3AMErOg97pGosg6VIt2olsizOafcA6oWZpMa9aNqtKamZdjnhY801BQ7ltWo6DsC', 'width': 4128}]",ChIJJRsZWUPhMRURbt5EbnW9M5k,"{'compound_code': '39C8+VJ Şehitkamil, Gaziantep', 'global_code': '8G9V39C8+VJ'}",4.3,ChIJJRsZWUPhMRURbt5EbnW9M5k,"['drugstore', 'pharmacy', 'health', 'point_of_interest', 'store', 'establishment']",4
